activity_comment,activity_id,activity_properties,assay_chembl_id,assay_description,assay_type,assay_variant_accession,assay_variant_mutation,bao_endpoint,bao_format,bao_label,canonical_smiles,data_validity_comment,data_validity_description,document_chembl_id,document_journal,document_year,ligand_efficiency,molecule_chembl_id,molecule_pref_name,parent_molecule_chembl_id,pchembl_value,potential_duplicate,qudt_units,record_id,relation,src_id,standard_flag,standard_relation,standard_text_value,standard_type,standard_units,standard_upper_value,standard_value,target_chembl_id,target_organism,target_pref_name,target_tax_id,text_value,toid,type,units,uo_units,upper_value,value
,563869,[],CHEMBL815282,The IC50 value was measured on UO-31 cell line in renal tumor type.,F,,,BAO_0000190,BAO_0000219,cell-based format,Nc1nc(N)c2nc(CNc3ccc(C(=O)NC(CCNC(=O)c4ccccc4C(=O)O)C(=O)O)cc3)cnc2n1,,,CHEMBL1130284,J. Med. Chem.,1997.0,,CHEMBL42819,,CHEMBL42819,8.10,0,http://www.openphacts.org/units/Nanomolar,188955,=,1,1,=,,IC50,nM,,8.0,CHEMBL614388,Homo sapiens,UO-31,9606,,,IC50,nM,UO_0000065,,8.0
,566130,[],CHEMBL815282,The IC50 value was measured on UO-31 cell line in renal tumor type.,F,,,BAO_0000190,BAO_0000219,cell-based format,Nc1nc(N)c2nc(CNc3ccc(C(=O)NC(CCCCNC(=O)c4ccccc4C(=O)O)C(=O)O)cc3)cnc2n1,,,CHEMBL1130284,J. Med. Chem.,1997.0,,CHEMBL44919,,CHEMBL44919,8.11,0,http://www.openphacts.org/units/Nanomolar,188951,=,1,1,=,,IC50,nM,,7.8,CHEMBL614388,Homo sapiens,UO-31,9606,,,IC50,nM,UO_0000065,,7.8
,588470,[],CHEMBL815282,The IC50 value was measured on UO-31 cell line in renal tumor type.,F,,,BAO_0000190,BAO_0000219,cell-based format,CN(Cc1cnc2nc(N)nc(N)c2n1)c1ccc(C(=O)N[C@@H](CCC(=O)O)C(=O)O)cc1,,,CHEMBL1130284,J. Med. Chem.,1997.0,,CHEMBL34259,METHOTREXATE,CHEMBL34259,6.72,0,http://www.openphacts.org/units/Nanomolar,188957,=,1,1,=,,IC50,nM,,191.0,CHEMBL614388,Homo sapiens,UO-31,9606,,,IC50,nM,UO_0000065,,191.0
,591057,[],CHEMBL815282,The IC50 value was measured on UO-31 cell line in renal tumor type.,F,,,BAO_0000190,BAO_0000219,cell-based format,Nc1nc(N)c2nc(CNc3ccc(C(=O)NC(CCCNC(=O)c4ccccc4C(=O)O)C(=O)O)cc3)cnc2n1,,,CHEMBL1130284,J. Med. Chem.,1997.0,,CHEMBL18155,,CHEMBL18155,8.26,0,http://www.openphacts.org/units/Nanomolar,188958,=,1,1,=,,IC50,nM,,5.5,CHEMBL614388,Homo sapiens,UO-31,9606,,,IC50,nM,UO_0000065,,5.5
,667654,[],CHEMBL815299,In vitro cytotoxicity was determined against UO-31 human renal tumor cell line using NCI screen,F,,,BAO_0000190,BAO_0000219,cell-based format,O=[Se](=O)(CCCl)c1ccccc1,,,CHEMBL1124780,J. Med. Chem.,1990.0,,CHEMBL38761,,CHEMBL38761,5.34,0,http://www.openphacts.org/units/Nanomolar,61881,=,1,1,=,,IC50,nM,,4600.0,CHEMBL614388,Homo sapiens,UO-31,9606,,,IC50,uM,UO_0000065,,4.6
,896493,[],CHEMBL815131,"Cytotoxicity against NCI tumor panel, U031 renal cancer cell line",F,,,BAO_0000190,BAO_0000219,cell-based format,CC(=O)Nc1ccc2[nH]c(C(=O)Nc3ccc4[nH]c(C(=O)N5CC(CCl)c6c5cc(O)c5ccccc65)cc4c3)cc2c1,,,CHEMBL1133719,J. Med. Chem.,2000.0,,CHEMBL38957,,CHEMBL38957,8.39,0,http://www.openphacts.org/units/Nanomolar,61982,=,1,1,=,,IC50,nM,,4.05,CHEMBL614388,Homo sapiens,UO-31,9606,,,IC50,nM,UO_0000065,,4.05
,1040860,[],CHEMBL873379,In vitro inhibitory concentration against renal cancer cell line UO-31,F,,,BAO_0000190,BAO_0000219,cell-based format,Cc1c2cccc-2ccc2c1[nH]c1ccccc12,,,CHEMBL1133884,Bioorg. Med. Chem. Lett.,2001.0,,CHEMBL61619,,CHEMBL61619,5.79,0,http://www.openphacts.org/units/Nanomolar,103946,=,1,1,=,,IC50,nM,,1620.0,CHEMBL614388,Homo sapiens,UO-31,9606,,,IC50,uM,UO_0000065,,1.62
,1980532,[],CHEMBL897974,Antitumor activity against human UO31 cells by methylene blue staining method,F,,,BAO_0000190,BAO_0000219,cell-based format,COc1ccc(C(=O)O[C@H]2[C@H](O[C@H]3[C@H](OC(C)=O)[C@@H](O[C@H]4C[C@H]5[C@@H]6CCc7cc(O)ccc7[C@H]6CC[C@]5(C)[C@@]4(O)[C@H](C)C(=O)CCC(C)C)OC[C@H]3F)OC[C@@H](O)[C@@H]2O)cc1,,,CHEMBL1149681,Bioorg. Med. Chem. Lett.,2007.0,,CHEMBL398092,,CHEMBL398092,7.25,0,http://www.openphacts.org/units/Nanomolar,661120,=,1,1,=,,IC50,nM,,56.0,CHEMBL614388,Homo sapiens,UO-31,9606,,,IC50,uM,UO_0000065,,0.056
,1980540,[],CHEMBL897974,Antitumor activity against human UO31 cells by methylene blue staining method,F,,,BAO_0000190,BAO_0000219,cell-based format,COc1cccc2c1C(=O)c1c(O)c3c(c(O)c1C2=O)C[C@@](O)(C(=O)CO)C[C@@H]3O[C@H]1C[C@H](N)[C@H](O)[C@H](C)O1,,,CHEMBL1149681,Bioorg. Med. Chem. Lett.,2007.0,,CHEMBL53463,DOXORUBICIN,CHEMBL53463,7.00,0,http://www.openphacts.org/units/Nanomolar,661122,=,1,1,=,,IC50,nM,,100.0,CHEMBL614388,Homo sapiens,UO-31,9606,,,IC50,uM,UO_0000065,,0.1
,2316555,[],CHEMBL1001642,Antitumor activity against human UO31 cells,F,,,BAO_0000190,BAO_0000219,cell-based format,O=C1c2ccccc2-[n+]2ccc3c([nH]c4ccccc43)c21.[Cl-],,,CHEMBL1151200,J. Nat. Prod.,2004.0,,CHEMBL258765,FASCAPLYSIN CHLORIDE,CHEMBL602937,,0,http://www.openphacts.org/units/Nanomolar,714961,>,1,1,>,,IC50,nM,,10000.0,CHEMBL614388,Homo sapiens,UO-31,9606,,,IC50,uM,UO_0000065,,10.0
,2316556,[],CHEMBL1001642,Antitumor activity against human UO31 cells,F,,,BAO_0000190,BAO_0000219,cell-based format,O=C1c2ccc(Br)cc2-[n+]2ccc3c([nH]c4ccccc43)c21.[Cl-],,,CHEMBL1151200,J. Nat. Prod.,2004.0,,CHEMBL470052,,CHEMBL1186567,6.28,0,http://www.openphacts.org/units/Nanomolar,714962,=,1,1,=,,IC50,nM,,530.0,CHEMBL614388,Homo sapiens,UO-31,9606,,,IC50,uM,UO_0000065,,0.53
,2316557,[],CHEMBL1001642,Antitumor activity against human UO31 cells,F,,,BAO_0000190,BAO_0000219,cell-based format,CC1=C(CC/C(C)=C/CC/C(C)=C/CCC(CC(=O)O)C(=O)[O-])C(C)(C)CCC1.O=C1c2ccccc2-[n+]2ccc3c([nH]c4ccccc43)c21,,,CHEMBL1151200,J. Nat. Prod.,2004.0,,CHEMBL446125,FASCAPLYSIN A,CHEMBL446125,5.25,0,http://www.openphacts.org/units/Nanomolar,714960,=,1,1,=,,IC50,nM,,5600.0,CHEMBL614388,Homo sapiens,UO-31,9606,,,IC50,uM,UO_0000065,,5.6
,2435277,[],CHEMBL982270,Cytotoxicity against human UO31 cells,F,,,BAO_0000190,BAO_0000219,cell-based format,CC/C=C/[C@H](CC)C/C=C/[C@@]1(CC)C[C@H](CC)[C@H](CC(=O)O)OO1,,,CHEMBL1159390,J. Nat. Prod.,2003.0,,CHEMBL513097,PLAKORTIDE M,CHEMBL513097,5.85,0,http://www.openphacts.org/units/Nanomolar,738785,=,1,1,=,,IC50,nM,,1400.0,CHEMBL614388,Homo sapiens,UO-31,9606,,,IC50,uM,UO_0000065,,1.4
,2435303,[],CHEMBL982270,Cytotoxicity against human UO31 cells,F,,,BAO_0000190,BAO_0000219,cell-based format,CC/C=C/[C@H](CC)C/C(=C/[C@@]1(CC)C[C@H](CC)[C@H](CC(=O)O)OO1)CC,,,CHEMBL1159390,J. Nat. Prod.,2003.0,,CHEMBL255273,PLAKORTIDE N,CHEMBL255273,8.00,0,http://www.openphacts.org/units/Nanomolar,738786,=,1,1,=,,IC50,nM,,10.0,CHEMBL614388,Homo sapiens,UO-31,9606,,,IC50,uM,UO_0000065,,0.01
,3331767,[],CHEMBL1166094,Growth inhibition of human UO31 cells after 48 hrs by sulforhodamine B assay,F,,,BAO_0000190,BAO_0000219,cell-based format,CC(=O)c1ccccc1-c1ccc(-c2ccnc(NC(=O)Nc3cc(N4CCOCC4)cc(C(F)(F)F)c3)n2)cn1,,,CHEMBL1165943,Bioorg. Med. Chem.,2010.0,,CHEMBL1163290,,CHEMBL1163290,,0,http://www.openphacts.org/units/Nanomolar,919535,>,1,1,>,,IC50,nM,,100000.0,CHEMBL614388,Homo sapiens,UO-31,9606,,,IC50,uM,UO_0000065,,100.0
,3331768,[],CHEMBL1166094,Growth inhibition of human UO31 cells after 48 hrs by sulforhodamine B assay,F,,,BAO_0000190,BAO_0000219,cell-based format,CC(=O)Nc1cccc(-c2ccc(-c3ccnc(NC(=O)Nc4cc(C(F)(F)F)cc(C(F)(F)F)c4)n3)cn2)c1.Cl,,,CHEMBL1165943,Bioorg. Med. Chem.,2010.0,,CHEMBL1164847,,CHEMBL1199799,5.26,0,http://www.openphacts.org/units/Nanomolar,919537,=,1,1,=,,IC50,nM,,5510.0,CHEMBL614388,Homo sapiens,UO-31,9606,,,IC50,uM,UO_0000065,,5.51
,12051406,[],CHEMBL2154678,Cytotoxicity against human UO31 cells after 4 hrs by MTT assay,F,,,BAO_0000190,BAO_0000219,cell-based format,NCCNC(=O)C(CN)(Cc1ccc2ccccc2c1)Cc1ccc2ccccc2c1,,,CHEMBL2150936,Eur. J. Med. Chem.,2012.0,,CHEMBL1739368,,CHEMBL1739368,5.53,0,http://www.openphacts.org/units/Nanomolar,1731427,=,1,1,=,,IC50,nM,,2950.0,CHEMBL614388,Homo sapiens,UO-31,9606,,,IC50,uM,UO_0000065,,2.95
,13237934,[],CHEMBL2363812,SANGER: Inhibition of human U031 cell growth in a cell viability assay.,F,,,BAO_0000190,BAO_0000219,cell-based format,COc1cccc2c1C(=O)c1c(O)c3c(c(O)c1C2=O)C[C@@](O)(C(=O)CO)C[C@@H]3O[C@H]1C[C@H](N)[C@H](O)[C@H](C)O1,,,CHEMBL1201861,,,,CHEMBL53463,DOXORUBICIN,CHEMBL53463,6.45,0,http://www.openphacts.org/units/Nanomolar,1878450,=,5,1,=,,IC50,nM,,353.87,CHEMBL614388,Homo sapiens,UO-31,9606,,,IC50,uM,UO_0000065,,0.35386775821688204
,13237935,[],CHEMBL2363812,SANGER: Inhibition of human U031 cell growth in a cell viability assay.,F,,,BAO_0000190,BAO_0000219,cell-based format,COc1cc([C@@H]2c3cc4c(cc3[C@@H](O[C@@H]3O[C@@H]5CO[C@@H](C)O[C@H]5[C@H](O)[C@H]3O)[C@H]3COC(=O)[C@H]23)OCO4)cc(OC)c1O,,,CHEMBL1201861,,,,CHEMBL44657,ETOPOSIDE,CHEMBL44657,4.95,0,http://www.openphacts.org/units/Nanomolar,1878456,=,5,1,=,,IC50,nM,,11288.48,CHEMBL614388,Homo sapiens,UO-31,9606,,,IC50,uM,UO_0000065,,11.288482972485832
,13237936,[],CHEMBL2363812,SANGER: Inhibition of human U031 cell growth in a cell viability assay.,F,,,BAO_0000190,BAO_0000219,cell-based format,Nc1ccn([C@@H]2O[C@H](CO)[C@@H](O)C2(F)F)c(=O)n1,,,CHEMBL1201861,,,,CHEMBL888,GEMCITABINE,CHEMBL888,9.25,0,http://www.openphacts.org/units/Nanomolar,1878462,=,5,1,=,,IC50,nM,,0.5647,CHEMBL614388,Homo sapiens,UO-31,9606,,,IC50,uM,UO_0000065,,0.0005647321556593958
,13237937,[],CHEMBL2363812,SANGER: Inhibition of human U031 cell growth in a cell viability assay.,F,,,BAO_0000190,BAO_0000219,cell-based format,CO[C@@]12[C@H](COC(N)=O)C3=C(C(=O)C(C)=C(N)C3=O)N1C[C@@H]1N[C@@H]12,,,CHEMBL1201861,,,,CHEMBL105,MITOMYCIN,CHEMBL105,6.44,0,http://www.openphacts.org/units/Nanomolar,1878344,=,5,1,=,,IC50,nM,,365.8,CHEMBL614388,Homo sapiens,UO-31,9606,,,IC50,uM,UO_0000065,,0.36579873544086683
,13237938,[],CHEMBL2363812,SANGER: Inhibition of human U031 cell growth in a cell viability assay.,F,,,BAO_0000190,BAO_0000219,cell-based format,CCC1=C[C@@H]2CN(C1)Cc1c([nH]c3ccccc13)[C@@](C(=O)OC)(c1cc3c(cc1OC)N(C)[C@H]1[C@@](O)(C(=O)OC)[C@H](OC(C)=O)[C@]4(CC)C=CCN5CC[C@]31[C@@H]54)C2,,,CHEMBL1201861,,,,CHEMBL553025,VINORELBINE,CHEMBL553025,5.81,0,http://www.openphacts.org/units/Nanomolar,1878386,=,5,1,=,,IC50,nM,,1557.75,CHEMBL614388,Homo sapiens,UO-31,9606,,,IC50,uM,UO_0000065,,1.5577492640533457
,13237939,[],CHEMBL2363812,SANGER: Inhibition of human U031 cell growth in a cell viability assay.,F,,,BAO_0000190,BAO_0000219,cell-based format,N#Cc1c(O)c2c(-c3ccc(-c4ccccc4O)cc3)csc2[nH]c1=O,,,CHEMBL1201861,,,,CHEMBL512504,,CHEMBL512504,4.42,0,http://www.openphacts.org/units/Nanomolar,1878396,=,5,1,=,,IC50,nM,,37826.96,CHEMBL614388,Homo sapiens,UO-31,9606,,,IC50,uM,UO_0000065,,37.82695712844587
,13237940,[],CHEMBL2363812,SANGER: Inhibition of human U031 cell growth in a cell viability assay.,F,,,BAO_0000190,BAO_0000219,cell-based format,O=S(=O)(O)c1ccc2cc(/N=N/c3cc(S(=O)(=O)O)c4cccnc4c3O)ccc2c1,,,CHEMBL1201861,,,,CHEMBL472004,,CHEMBL472004,4.87,0,http://www.openphacts.org/units/Nanomolar,1878348,=,5,1,=,,IC50,nM,,13552.05,CHEMBL614388,Homo sapiens,UO-31,9606,,,IC50,uM,UO_0000065,,13.552052339148833
,13237941,[],CHEMBL2363812,SANGER: Inhibition of human U031 cell growth in a cell viability assay.,F,,,BAO_0000190,BAO_0000219,cell-based format,CC(O)(CS(=O)(=O)c1ccc(F)cc1)C(=O)Nc1ccc(C#N)c(C(F)(F)F)c1,,,CHEMBL1201861,,,,CHEMBL409,BICALUTAMIDE,CHEMBL409,4.08,0,http://www.openphacts.org/units/Nanomolar,1878423,=,5,1,=,,IC50,nM,,84188.3,CHEMBL614388,Homo sapiens,UO-31,9606,,,IC50,uM,UO_0000065,,84.18830364334976
,13237942,[],CHEMBL2363812,SANGER: Inhibition of human U031 cell growth in a cell viability assay.,F,,,BAO_0000190,BAO_0000219,cell-based format,OC[C@H](Cc1ccccc1)Nc1nc(Oc2ccc3c(c2)CCC3)nc2c1ncn2Cc1ccc(-c2ccccc2)cc1,Outside typical range,"Values for this activity type are unusually large/small, so may not be accurate",CHEMBL1201861,,,,CHEMBL259181,,CHEMBL259181,,0,http://www.openphacts.org/units/Nanomolar,1878368,=,5,1,=,,IC50,nM,,352157.67,CHEMBL614388,Homo sapiens,UO-31,9606,,,IC50,uM,UO_0000065,,352.1576694909577
,13237943,[],CHEMBL2363812,SANGER: Inhibition of human U031 cell growth in a cell viability assay.,F,,,BAO_0000190,BAO_0000219,cell-based format,CO[C@@H]1[C@H](N(C)C(=O)c2ccccc2)C[C@H]2O[C@]1(C)n1c3ccccc3c3c4c(c5c6ccccc6n2c5c31)C(=O)NC4,,,CHEMBL1201861,,,,CHEMBL608533,MIDOSTAURIN,CHEMBL608533,6.71,0,http://www.openphacts.org/units/Nanomolar,1878343,=,5,1,=,,IC50,nM,,196.98,CHEMBL614388,Homo sapiens,UO-31,9606,,,IC50,uM,UO_0000065,,0.19697548492357653
,13237944,[],CHEMBL2363812,SANGER: Inhibition of human U031 cell growth in a cell viability assay.,F,,,BAO_0000190,BAO_0000219,cell-based format,Cc1c[nH]c(-c2cnc(NCCNc3ccc(C#N)cn3)nc2-c2ccc(Cl)cc2Cl)n1,Outside typical range,"Values for this activity type are unusually large/small, so may not be accurate",CHEMBL1201861,,,,CHEMBL412142,LADUVIGLUSIB,CHEMBL412142,,0,http://www.openphacts.org/units/Nanomolar,1878441,=,5,1,=,,IC50,nM,,112064.88,CHEMBL614388,Homo sapiens,UO-31,9606,,,IC50,uM,UO_0000065,,112.06488120041878
,13237945,[],CHEMBL2363812,SANGER: Inhibition of human U031 cell growth in a cell viability assay.,F,,,BAO_0000190,BAO_0000219,cell-based format,Cc1ccc(C(=O)Nc2ccc(CN3CCN(C)CC3)c(C(F)(F)F)c2)cc1C#Cc1cnc2cccnn12,,,CHEMBL1201861,,,,CHEMBL1171837,PONATINIB,CHEMBL1171837,4.84,0,http://www.openphacts.org/units/Nanomolar,1878407,=,5,1,=,,IC50,nM,,14408.5,CHEMBL614388,Homo sapiens,UO-31,9606,,,IC50,uM,UO_0000065,,14.4084955302775
,13237946,[],CHEMBL2363812,SANGER: Inhibition of human U031 cell growth in a cell viability assay.,F,,,BAO_0000190,BAO_0000219,cell-based format,Cc1cc([C@@H](C)Nc2ccccc2C(=O)O)c2nc(N3CCOCC3)cc(=O)n2c1,,,CHEMBL1201861,,,,CHEMBL2165191,AZD-6482,CHEMBL2165191,4.31,0,http://www.openphacts.org/units/Nanomolar,1878416,=,5,1,=,,IC50,nM,,49308.77,CHEMBL614388,Homo sapiens,UO-31,9606,,,IC50,uM,UO_0000065,,49.308772184647644
,13237947,[],CHEMBL2363812,SANGER: Inhibition of human U031 cell growth in a cell viability assay.,F,,,BAO_0000190,BAO_0000219,cell-based format,Fc1cc(-c2cc[nH]/c(=N/c3ccc(-n4cnc(N5CCOCC5)n4)cc3)n2)cc(N2CCOCC2)c1,,,CHEMBL1201861,,,,CHEMBL585951,,CHEMBL585951,6.29,0,http://www.openphacts.org/units/Nanomolar,1878471,=,5,1,=,,IC50,nM,,518.76,CHEMBL614388,Homo sapiens,UO-31,9606,,,IC50,uM,UO_0000065,,0.518757370160418
,13237948,[],CHEMBL2363812,SANGER: Inhibition of human U031 cell growth in a cell viability assay.,F,,,BAO_0000190,BAO_0000219,cell-based format,CN(c1ncccc1CNc1nc(Nc2ccc3c(c2)CC(=O)N3)ncc1C(F)(F)F)S(C)(=O)=O,,,CHEMBL1201861,,,,CHEMBL1084546,PF-00562271,CHEMBL1084546,4.72,0,http://www.openphacts.org/units/Nanomolar,1878364,=,5,1,=,,IC50,nM,,19221.86,CHEMBL614388,Homo sapiens,UO-31,9606,,,IC50,uM,UO_0000065,,19.221856673592548
,13237949,[],CHEMBL2363812,SANGER: Inhibition of human U031 cell growth in a cell viability assay.,F,,,BAO_0000190,BAO_0000219,cell-based format,COC(=O)CNC(=O)C(=O)OC,Outside typical range,"Values for this activity type are unusually large/small, so may not be accurate",CHEMBL1201861,,,,CHEMBL92309,,CHEMBL92309,,0,http://www.openphacts.org/units/Nanomolar,1878448,=,5,1,=,,IC50,nM,,337587.25,CHEMBL614388,Homo sapiens,UO-31,9606,,,IC50,uM,UO_0000065,,337.5872515458294
,13237950,[],CHEMBL2363812,SANGER: Inhibition of human U031 cell growth in a cell viability assay.,F,,,BAO_0000190,BAO_0000219,cell-based format,COC(=O)[C@H](CCSC)NC(=O)c1ccc(NC[C@@H](N)CS)cc1-c1ccccc1,,,CHEMBL1201861,,,,CHEMBL135561,,CHEMBL135561,4.63,0,http://www.openphacts.org/units/Nanomolar,1878458,=,5,1,=,,IC50,nM,,23467.96,CHEMBL614388,Homo sapiens,UO-31,9606,,,IC50,uM,UO_0000065,,23.46795796735676
,13237951,[],CHEMBL2363812,SANGER: Inhibition of human U031 cell growth in a cell viability assay.,F,,,BAO_0000190,BAO_0000219,cell-based format,CC(C)=CC[C@@H](O)C1=CC(=O)c2c(O)ccc(O)c2C1=O,,,CHEMBL1201861,,,,CHEMBL9470,SHIKONIN,CHEMBL9470,6.11,0,http://www.openphacts.org/units/Nanomolar,1878376,=,5,1,=,,IC50,nM,,770.84,CHEMBL614388,Homo sapiens,UO-31,9606,,,IC50,uM,UO_0000065,,0.770844971666102
,13237952,[],CHEMBL2363812,SANGER: Inhibition of human U031 cell growth in a cell viability assay.,F,,,BAO_0000190,BAO_0000219,cell-based format,O=c1[nH]c2ccccc2n1C1CCN(Cc2ccc(-c3nc4cc5[nH]cnc5cc4nc3-c3ccccc3)cc2)CC1,,,CHEMBL1201861,,,,CHEMBL258844,,CHEMBL258844,4.34,0,http://www.openphacts.org/units/Nanomolar,1878405,=,5,1,=,,IC50,nM,,45290.21,CHEMBL614388,Homo sapiens,UO-31,9606,,,IC50,uM,UO_0000065,,45.290214785249034
,13237953,[],CHEMBL2363812,SANGER: Inhibition of human U031 cell growth in a cell viability assay.,F,,,BAO_0000190,BAO_0000219,cell-based format,CCCCCCCCCCCC1=C(O)C(=O)C=C(O)C1=O,,,CHEMBL1201861,,,,CHEMBL221137,EMBELIN,CHEMBL221137,4.72,0,http://www.openphacts.org/units/Nanomolar,1878453,=,5,1,=,,IC50,nM,,19146.83,CHEMBL614388,Homo sapiens,UO-31,9606,,,IC50,uM,UO_0000065,,19.146826808680512
,13237954,[],CHEMBL2363812,SANGER: Inhibition of human U031 cell growth in a cell viability assay.,F,,,BAO_0000190,BAO_0000219,cell-based format,Cc1cc([N+](=O)[O-])ccc1NS(=O)(=O)c1cc(Cl)ccc1Cl,,,CHEMBL1201861,,,,CHEMBL2363137,,CHEMBL2363137,5.06,0,http://www.openphacts.org/units/Nanomolar,1878457,=,5,1,=,,IC50,nM,,8658.46,CHEMBL614388,Homo sapiens,UO-31,9606,,,IC50,uM,UO_0000065,,8.658461059262487
,13237955,[],CHEMBL2363812,SANGER: Inhibition of human U031 cell growth in a cell viability assay.,F,,,BAO_0000190,BAO_0000219,cell-based format,C=CCc1cccc(/C=N/NC(=O)CN2CCN(Cc3ccccc3)CC2)c1O,,,CHEMBL1201861,,,,CHEMBL591429,PAC-1,CHEMBL591429,5.82,0,http://www.openphacts.org/units/Nanomolar,1878355,=,5,1,=,,IC50,nM,,1513.76,CHEMBL614388,Homo sapiens,UO-31,9606,,,IC50,uM,UO_0000065,,1.513759058480935
,13237956,[],CHEMBL2363812,SANGER: Inhibition of human U031 cell growth in a cell viability assay.,F,,,BAO_0000190,BAO_0000219,cell-based format,Oc1ccc2ccccc2c1SSc1c(O)ccc2ccccc12,Outside typical range,"Values for this activity type are unusually large/small, so may not be accurate",CHEMBL1201861,,,,CHEMBL472940,,CHEMBL472940,,0,http://www.openphacts.org/units/Nanomolar,1878469,=,5,1,=,,IC50,nM,,255271.58,CHEMBL614388,Homo sapiens,UO-31,9606,,,IC50,uM,UO_0000065,,255.27158050154813
,13237957,[],CHEMBL2363812,SANGER: Inhibition of human U031 cell growth in a cell viability assay.,F,,,BAO_0000190,BAO_0000219,cell-based format,O=C(O)c1ccc(-c2c[nH]c3ncc(-c4ccccc4)cc23)cc1C1CCCC1,,,CHEMBL1201861,,,,CHEMBL558642,GSK-650394,CHEMBL558642,4.48,0,http://www.openphacts.org/units/Nanomolar,1878465,=,5,1,=,,IC50,nM,,32953.68,CHEMBL614388,Homo sapiens,UO-31,9606,,,IC50,uM,UO_0000065,,32.95368200745457
,13237958,[],CHEMBL2363812,SANGER: Inhibition of human U031 cell growth in a cell viability assay.,F,,,BAO_0000190,BAO_0000219,cell-based format,COc1ccc(-c2cc3nccn3c(Nc3ncccc3C(N)=O)n2)cc1OC,,,CHEMBL1201861,,,,CHEMBL1190711,,CHEMBL1190711,5.17,0,http://www.openphacts.org/units/Nanomolar,1878419,=,5,1,=,,IC50,nM,,6705.96,CHEMBL614388,Homo sapiens,UO-31,9606,,,IC50,uM,UO_0000065,,6.705955418364879
,13237959,[],CHEMBL2363812,SANGER: Inhibition of human U031 cell growth in a cell viability assay.,F,,,BAO_0000190,BAO_0000219,cell-based format,C/C=C(/C)C(=O)O[C@H]1C(C)=C2[C@@H]3OC(=O)[C@@](C)(O)[C@@]3(O)[C@@H](OC(=O)CCC)C[C@](C)(OC(C)=O)[C@H]2[C@@H]1OC(=O)CCCCCCC,,,CHEMBL1201861,,,,CHEMBL96926,THAPSIGARGIN,CHEMBL96926,7.24,0,http://www.openphacts.org/units/Nanomolar,1878382,=,5,1,=,,IC50,nM,,57.67,CHEMBL614388,Homo sapiens,UO-31,9606,,,IC50,uM,UO_0000065,,0.057670471243957584
,13237960,[],CHEMBL2363812,SANGER: Inhibition of human U031 cell growth in a cell viability assay.,F,,,BAO_0000190,BAO_0000219,cell-based format,COC1=CC(c2cc3ccccc3[nH]2)=N/C1=C\c1[nH]c(C)cc1C.CS(=O)(=O)O,,,CHEMBL1201861,,,,CHEMBL2107358,OBATOCLAX MESYLATE,CHEMBL408194,6.09,0,http://www.openphacts.org/units/Nanomolar,1878353,=,5,1,=,,IC50,nM,,814.23,CHEMBL614388,Homo sapiens,UO-31,9606,,,IC50,uM,UO_0000065,,0.8142335806724528
,13237961,[],CHEMBL2363812,SANGER: Inhibition of human U031 cell growth in a cell viability assay.,F,,,BAO_0000190,BAO_0000219,cell-based format,C[C@@]1(C(=O)Nc2ccc(F)nc2)CCCN1c1nc(Nc2cc(C3CC3)n[nH]2)c2cccn2n1,,,CHEMBL1201861,,,,CHEMBL575448,BMS-754807,CHEMBL575448,5.62,0,http://www.openphacts.org/units/Nanomolar,1878430,=,5,1,=,,IC50,nM,,2410.75,CHEMBL614388,Homo sapiens,UO-31,9606,,,IC50,uM,UO_0000065,,2.4107502352690653
,13237962,[],CHEMBL2363812,SANGER: Inhibition of human U031 cell growth in a cell viability assay.,F,,,BAO_0000190,BAO_0000219,cell-based format,C[C@]1(O)C[C@@H](c2nc(-c3ccc4ccc(-c5ccccc5)nc4c3)c3c(N)nccn32)C1,,,CHEMBL1201861,,,,CHEMBL1091644,LINSITINIB,CHEMBL1091644,4.55,0,http://www.openphacts.org/units/Nanomolar,1878354,=,5,1,=,,IC50,nM,,28252.02,CHEMBL614388,Homo sapiens,UO-31,9606,,,IC50,uM,UO_0000065,,28.252021145311232
,13237963,[],CHEMBL2363812,SANGER: Inhibition of human U031 cell growth in a cell viability assay.,F,,,BAO_0000190,BAO_0000219,cell-based format,C=C(c1ccc(C(=O)O)cc1)c1cc2c(cc1C)C(C)(C)CCC2(C)C,Outside typical range,"Values for this activity type are unusually large/small, so may not be accurate",CHEMBL1201861,,,,CHEMBL1023,BEXAROTENE,CHEMBL1023,,0,http://www.openphacts.org/units/Nanomolar,1878420,=,5,1,=,,IC50,nM,,182340.9,CHEMBL614388,Homo sapiens,UO-31,9606,,,IC50,uM,UO_0000065,,182.34089781578737
,13237964,[],CHEMBL2363812,SANGER: Inhibition of human U031 cell growth in a cell viability assay.,F,,,BAO_0000190,BAO_0000219,cell-based format,Cc1c(N)nc([C@H](CC(N)=O)NC[C@H](N)C(N)=O)nc1C(=O)N[C@H](C(=O)N[C@H](C)[C@@H](O)[C@H](C)C(=O)N[C@H](C(=O)NCCc1nc(-c2nc(C(=O)NCCC[S+](C)C)cs2)cs1)[C@@H](C)O)[C@@H](O[C@@H]1O[C@@H](CO)[C@@H](O)[C@H](O)[C@@H]1O[C@H]1O[C@H](CO)[C@@H](O)[C@H](OC(N)=O)[C@@H]1O)c1c[nH]cn1,,,CHEMBL1201861,,,,CHEMBL403664,BLEOMYCIN,CHEMBL403664,6.03,0,http://www.openphacts.org/units/Nanomolar,1878426,=,5,1,=,,IC50,nM,,934.36,CHEMBL614388,Homo sapiens,UO-31,9606,,,IC50,uM,UO_0000065,,0.9343604447962511
,13237965,[],CHEMBL2363812,SANGER: Inhibition of human U031 cell growth in a cell viability assay.,F,,,BAO_0000190,BAO_0000219,cell-based format,C/C(O)=C(\C#N)C(=O)Nc1cc(Br)ccc1Br,Outside typical range,"Values for this activity type are unusually large/small, so may not be accurate",CHEMBL1201861,,,,CHEMBL228043,,CHEMBL228043,,0,http://www.openphacts.org/units/Nanomolar,1878339,=,5,1,=,,IC50,nM,,387174.31,CHEMBL614388,Homo sapiens,UO-31,9606,,,IC50,uM,UO_0000065,,387.17430804059177
,13237966,[],CHEMBL2363812,SANGER: Inhibition of human U031 cell growth in a cell viability assay.,F,,,BAO_0000190,BAO_0000219,cell-based format,CCNC(=O)c1noc(-c2cc(C(C)C)c(O)cc2O)c1-c1ccc(CN2CCOCC2)cc1,,,CHEMBL1201861,,,,CHEMBL252164,LUMINESPIB,CHEMBL252164,7.32,0,http://www.openphacts.org/units/Nanomolar,1878410,=,5,1,=,,IC50,nM,,47.71,CHEMBL614388,Homo sapiens,UO-31,9606,,,IC50,uM,UO_0000065,,0.04771215937742189
,13237967,[],CHEMBL2363812,SANGER: Inhibition of human U031 cell growth in a cell viability assay.,F,,,BAO_0000190,BAO_0000219,cell-based format,CCC/C=C/C=C/C(=O)O[C@H]1/C(=C/C(=O)OC)C[C@H]2C[C@H]([C@@H](C)O)OC(=O)C[C@H](O)C[C@@H]3C[C@H](OC(C)=O)C(C)(C)[C@](O)(C[C@@H]4C/C(=C/C(=O)OC)C[C@H](/C=C/C(C)(C)[C@]1(O)O2)O4)O3,,,CHEMBL1201861,,,,CHEMBL449158,BRYOSTATIN,CHEMBL449158,6.23,0,http://www.openphacts.org/units/Nanomolar,1878433,=,5,1,=,,IC50,nM,,590.81,CHEMBL614388,Homo sapiens,UO-31,9606,,,IC50,uM,UO_0000065,,0.5908092923674347
,13237968,[],CHEMBL2363812,SANGER: Inhibition of human U031 cell growth in a cell viability assay.,F,,,BAO_0000190,BAO_0000219,cell-based format,Cc1ccc(Nc2nccc(N(C)c3ccc4c(C)n(C)nc4c3)n2)cc1S(N)(=O)=O,Outside typical range,"Values for this activity type are unusually large/small, so may not be accurate",CHEMBL1201861,,,,CHEMBL477772,PAZOPANIB,CHEMBL477772,,0,http://www.openphacts.org/units/Nanomolar,1878358,=,5,1,=,,IC50,nM,,594036.64,CHEMBL614388,Homo sapiens,UO-31,9606,,,IC50,uM,UO_0000065,,594.036639428549
,13237969,[],CHEMBL2363812,SANGER: Inhibition of human U031 cell growth in a cell viability assay.,F,,,BAO_0000190,BAO_0000219,cell-based format,C/C(=C\c1csc(C)n1)[C@@H]1C[C@@H]2O[C@]2(C)CCC[C@H](C)[C@H](O)[C@@H](C)C(=O)C(C)(C)[C@@H](O)CC(=O)O1,,,CHEMBL1201861,,,,CHEMBL94657,PATUPILONE,CHEMBL94657,8.51,0,http://www.openphacts.org/units/Nanomolar,1878454,=,5,1,=,,IC50,nM,,3.116,CHEMBL614388,Homo sapiens,UO-31,9606,,,IC50,uM,UO_0000065,,0.003116471022030669
,13237970,[],CHEMBL2363812,SANGER: Inhibition of human U031 cell growth in a cell viability assay.,F,,,BAO_0000190,BAO_0000219,cell-based format,Cn1cncc1[C@@](N)(c1ccc(Cl)cc1)c1ccc2c(c1)c(-c1cccc(Cl)c1)cc(=O)n2C,,,CHEMBL1201861,,,,CHEMBL289228,TIPIFARNIB,CHEMBL289228,4.97,0,http://www.openphacts.org/units/Nanomolar,1878383,=,5,1,=,,IC50,nM,,10651.57,CHEMBL614388,Homo sapiens,UO-31,9606,,,IC50,uM,UO_0000065,,10.6515668137871
,13237971,[],CHEMBL2363812,SANGER: Inhibition of human U031 cell growth in a cell viability assay.,F,,,BAO_0000190,BAO_0000219,cell-based format,N#C/C(=C1/Nc2ccccc2S1)c1ccnc(NCCc2cccnc2)n1,,,CHEMBL1201861,,,,CHEMBL191384,,CHEMBL191384,5.14,0,http://www.openphacts.org/units/Nanomolar,1878408,=,5,1,=,,IC50,nM,,7195.41,CHEMBL614388,Homo sapiens,UO-31,9606,,,IC50,uM,UO_0000065,,7.195414873219121
,13237972,[],CHEMBL2363812,SANGER: Inhibition of human U031 cell growth in a cell viability assay.,F,,,BAO_0000190,BAO_0000219,cell-based format,CN(C)C(=N)NC(=N)N,Outside typical range,"Values for this activity type are unusually large/small, so may not be accurate",CHEMBL1201861,,,,CHEMBL1431,METFORMIN,CHEMBL1431,,0,http://www.openphacts.org/units/Nanomolar,1878340,=,5,1,=,,IC50,nM,,61577941.94,CHEMBL614388,Homo sapiens,UO-31,9606,,,IC50,uM,UO_0000065,,61577.941939746444
,13237973,[],CHEMBL2363812,SANGER: Inhibition of human U031 cell growth in a cell viability assay.,F,,,BAO_0000190,BAO_0000219,cell-based format,NC(=O)c1ncn([C@@H]2O[C@H](COP(=O)(O)O)[C@@H](O)[C@H]2O)c1N,Outside typical range,"Values for this activity type are unusually large/small, so may not be accurate",CHEMBL1201861,,,,CHEMBL483849,,CHEMBL483849,,0,http://www.openphacts.org/units/Nanomolar,1878404,=,5,1,=,,IC50,nM,,765926.34,CHEMBL614388,Homo sapiens,UO-31,9606,,,IC50,uM,UO_0000065,,765.9263375208143
,13237974,[],CHEMBL2363812,SANGER: Inhibition of human U031 cell growth in a cell viability assay.,F,,,BAO_0000190,BAO_0000219,cell-based format,CC[C@@]1(O)C(=O)OCc2c1cc1n(c2=O)Cc2cc3ccccc3nc2-1,,,CHEMBL1201861,,,,CHEMBL65,CAMPTOTHECIN,CHEMBL65,7.47,0,http://www.openphacts.org/units/Nanomolar,1878435,=,5,1,=,,IC50,nM,,34.07,CHEMBL614388,Homo sapiens,UO-31,9606,,,IC50,uM,UO_0000065,,0.03406737832270041
,13237975,[],CHEMBL2363812,SANGER: Inhibition of human U031 cell growth in a cell viability assay.,F,,,BAO_0000190,BAO_0000219,cell-based format,CC[C@]1(O)C[C@@H]2CN(CCc3c([nH]c4ccccc34)[C@@](C(=O)OC)(c3cc4c(cc3OC)N(C)[C@H]3[C@@](O)(C(=O)OC)[C@H](OC(C)=O)[C@]5(CC)C=CCN6CC[C@]43[C@@H]65)C2)C1,,,CHEMBL1201861,,,,CHEMBL159,VINBLASTINE,CHEMBL159,7.86,0,http://www.openphacts.org/units/Nanomolar,1878385,=,5,1,=,,IC50,nM,,13.94,CHEMBL614388,Homo sapiens,UO-31,9606,,,IC50,uM,UO_0000065,,0.013943706771422235
,13237976,[],CHEMBL2363812,SANGER: Inhibition of human U031 cell growth in a cell viability assay.,F,,,BAO_0000190,BAO_0000219,cell-based format,,,,CHEMBL1201861,,,,CHEMBL11359,CISPLATIN,CHEMBL2068237,4.89,0,http://www.openphacts.org/units/Nanomolar,1878443,=,5,1,=,,IC50,nM,,12887.12,CHEMBL614388,Homo sapiens,UO-31,9606,,,IC50,uM,UO_0000065,,12.887115322332294
,13237977,[],CHEMBL2363812,SANGER: Inhibition of human U031 cell growth in a cell viability assay.,F,,,BAO_0000190,BAO_0000219,cell-based format,Nc1ccn([C@@H]2O[C@H](CO)[C@@H](O)[C@@H]2O)c(=O)n1,,,CHEMBL1201861,,,,CHEMBL803,CYTARABINE,CHEMBL803,5.90,0,http://www.openphacts.org/units/Nanomolar,1878446,=,5,1,=,,IC50,nM,,1250.79,CHEMBL614388,Homo sapiens,UO-31,9606,,,IC50,uM,UO_0000065,,1.2507945632825979
,13237978,[],CHEMBL2363812,SANGER: Inhibition of human U031 cell growth in a cell viability assay.,F,,,BAO_0000190,BAO_0000219,cell-based format,CC(=O)O[C@@]12CO[C@@H]1C[C@H](O)[C@@]1(C)C(=O)[C@H](O)C3=C(C)[C@@H](OC(=O)[C@H](O)[C@@H](NC(=O)OC(C)(C)C)c4ccccc4)C[C@@](O)([C@@H](OC(=O)c4ccccc4)[C@@H]12)C3(C)C.O.O.O,,,CHEMBL1201861,,,,CHEMBL3545252,DOCETAXEL,CHEMBL92,8.51,0,http://www.openphacts.org/units/Nanomolar,1878449,=,5,1,=,,IC50,nM,,3.075,CHEMBL614388,Homo sapiens,UO-31,9606,,,IC50,uM,UO_0000065,,0.0030749027630376778
,13237979,[],CHEMBL2363812,SANGER: Inhibition of human U031 cell growth in a cell viability assay.,F,,,BAO_0000190,BAO_0000219,cell-based format,CN(Cc1cnc2nc(N)nc(N)c2n1)c1ccc(C(=O)N[C@@H](CCC(=O)O)C(=O)O)cc1,,,CHEMBL1201861,,,,CHEMBL34259,METHOTREXATE,CHEMBL34259,5.44,0,http://www.openphacts.org/units/Nanomolar,1878341,=,5,1,=,,IC50,nM,,3643.4,CHEMBL614388,Homo sapiens,UO-31,9606,,,IC50,uM,UO_0000065,,3.6434025080642605
,13237980,[],CHEMBL2363812,SANGER: Inhibition of human U031 cell growth in a cell viability assay.,F,,,BAO_0000190,BAO_0000219,cell-based format,CC1=C(/C=C/C(C)=C/C=C/C(C)=C/C(=O)O)C(C)(C)CCC1,Outside typical range,"Values for this activity type are unusually large/small, so may not be accurate",CHEMBL1201861,,,,CHEMBL38,TRETINOIN,CHEMBL38,,0,http://www.openphacts.org/units/Nanomolar,1878409,=,5,1,=,,IC50,nM,,357932.35,CHEMBL614388,Homo sapiens,UO-31,9606,,,IC50,uM,UO_0000065,,357.9323492612855
,13237981,[],CHEMBL2363812,SANGER: Inhibition of human U031 cell growth in a cell viability assay.,F,,,BAO_0000190,BAO_0000219,cell-based format,COc1cc2ncnc(Nc3ccc(F)c(Cl)c3)c2cc1OCCCN1CCOCC1,,,CHEMBL1201861,,,,CHEMBL939,GEFITINIB,CHEMBL939,4.99,0,http://www.openphacts.org/units/Nanomolar,1878461,=,5,1,=,,IC50,nM,,10268.57,CHEMBL614388,Homo sapiens,UO-31,9606,,,IC50,uM,UO_0000065,,10.26857232337432
,13237982,[],CHEMBL2363812,SANGER: Inhibition of human U031 cell growth in a cell viability assay.,F,,,BAO_0000190,BAO_0000219,cell-based format,CC1(C)CCC(c2ccc(Cl)cc2)=C(CN2CCN(c3ccc(C(=O)NS(=O)(=O)c4ccc(N[C@H](CCN5CCOCC5)CSc5ccccc5)c(S(=O)(=O)C(F)(F)F)c4)cc3)CC2)C1,,,CHEMBL1201861,,,,CHEMBL443684,NAVITOCLAX,CHEMBL443684,4.97,0,http://www.openphacts.org/units/Nanomolar,1878401,=,5,1,=,,IC50,nM,,10590.82,CHEMBL614388,Homo sapiens,UO-31,9606,,,IC50,uM,UO_0000065,,10.590824361778896
,13237983,[],CHEMBL2363812,SANGER: Inhibition of human U031 cell growth in a cell viability assay.,F,,,BAO_0000190,BAO_0000219,cell-based format,O=C(CCCCCCC(=O)Nc1ccccc1)NO,,,CHEMBL1201861,,,,CHEMBL98,VORINOSTAT,CHEMBL98,4.80,0,http://www.openphacts.org/units/Nanomolar,1878387,=,5,1,=,,IC50,nM,,15802.81,CHEMBL614388,Homo sapiens,UO-31,9606,,,IC50,uM,UO_0000065,,15.80281359796699
,13237984,[],CHEMBL2363812,SANGER: Inhibition of human U031 cell growth in a cell viability assay.,F,,,BAO_0000190,BAO_0000219,cell-based format,Cc1cn(-c2cc(NC(=O)c3ccc(C)c(Nc4nccc(-c5cccnc5)n4)c3)cc(C(F)(F)F)c2)cn1,Outside typical range,"Values for this activity type are unusually large/small, so may not be accurate",CHEMBL1201861,,,,CHEMBL255863,NILOTINIB,CHEMBL255863,,0,http://www.openphacts.org/units/Nanomolar,1878347,=,5,1,=,,IC50,nM,,138726.73,CHEMBL614388,Homo sapiens,UO-31,9606,,,IC50,uM,UO_0000065,,138.72672627523585
,13237985,[],CHEMBL2363812,SANGER: Inhibition of human U031 cell growth in a cell viability assay.,F,,,BAO_0000190,BAO_0000219,cell-based format,COc1cc(F)c(F)c(Nc2ccc(I)cc2F)c1NS(=O)(=O)C1(CC(O)CO)CC1,Outside typical range,"Values for this activity type are unusually large/small, so may not be accurate",CHEMBL1201861,,,,CHEMBL3349342,,CHEMBL3349342,,0,http://www.openphacts.org/units/Nanomolar,1878370,=,5,1,=,,IC50,nM,,265913.48,CHEMBL614388,Homo sapiens,UO-31,9606,,,IC50,uM,UO_0000065,,265.91348193737383
,13237986,[],CHEMBL2363812,SANGER: Inhibition of human U031 cell growth in a cell viability assay.,F,,,BAO_0000190,BAO_0000219,cell-based format,O=C(NOCC1CC1)c1ccc(F)c(F)c1Nc1ccc(I)cc1Cl,Outside typical range,"Values for this activity type are unusually large/small, so may not be accurate",CHEMBL1201861,,,,CHEMBL105442,CI-1040,CHEMBL105442,,0,http://www.openphacts.org/units/Nanomolar,1878442,=,5,1,=,,IC50,nM,,163775.73,CHEMBL614388,Homo sapiens,UO-31,9606,,,IC50,uM,UO_0000065,,163.7757313195797
,13237987,[],CHEMBL2363812,SANGER: Inhibition of human U031 cell growth in a cell viability assay.,F,,,BAO_0000190,BAO_0000219,cell-based format,CO[C@H]1C[C@@H]2CC[C@@H](C)[C@@](O)(O2)C(=O)C(=O)N2CCCC[C@H]2C(=O)O[C@H]([C@H](C)C[C@@H]2CC[C@@H](OC(=O)C(C)(CO)CO)[C@H](OC)C2)CC(=O)[C@H](C)/C=C(\C)[C@@H](O)[C@@H](OC)C(=O)[C@H](C)C[C@H](C)/C=C/C=C/C=C/1C,,,CHEMBL1201861,,,,CHEMBL1201182,TEMSIROLIMUS,CHEMBL1201182,5.57,0,http://www.openphacts.org/units/Nanomolar,1878381,=,5,1,=,,IC50,nM,,2701.11,CHEMBL614388,Homo sapiens,UO-31,9606,,,IC50,uM,UO_0000065,,2.7011105411988416
,13237988,[],CHEMBL2363812,SANGER: Inhibition of human U031 cell growth in a cell viability assay.,F,,,BAO_0000190,BAO_0000219,cell-based format,O=C(c1cc(Cc2n[nH]c(=O)c3ccccc23)ccc1F)N1CCN(C(=O)C2CC2)CC1,Outside typical range,"Values for this activity type are unusually large/small, so may not be accurate",CHEMBL1201861,,,,CHEMBL521686,OLAPARIB,CHEMBL521686,,0,http://www.openphacts.org/units/Nanomolar,1878414,=,5,1,=,,IC50,nM,,257067.06,CHEMBL614388,Homo sapiens,UO-31,9606,,,IC50,uM,UO_0000065,,257.0670639305444
,13237989,[],CHEMBL2363812,SANGER: Inhibition of human U031 cell growth in a cell viability assay.,F,,,BAO_0000190,BAO_0000219,cell-based format,C[C@]1(c2nc3cccc(C(N)=O)c3[nH]2)CCCN1,Outside typical range,"Values for this activity type are unusually large/small, so may not be accurate",CHEMBL1201861,,,,CHEMBL506871,VELIPARIB,CHEMBL506871,,0,http://www.openphacts.org/units/Nanomolar,1878402,=,5,1,=,,IC50,nM,,238091.73,CHEMBL614388,Homo sapiens,UO-31,9606,,,IC50,uM,UO_0000065,,238.09172533714775
,13237990,[],CHEMBL2363812,SANGER: Inhibition of human U031 cell growth in a cell viability assay.,F,,,BAO_0000190,BAO_0000219,cell-based format,COc1cc(Nc2c(C#N)cnc3cc(OCCCN4CCN(C)CC4)c(OC)cc23)c(Cl)cc1Cl,,,CHEMBL1201861,,,,CHEMBL288441,BOSUTINIB,CHEMBL288441,4.71,0,http://www.openphacts.org/units/Nanomolar,1878432,=,5,1,=,,IC50,nM,,19490.87,CHEMBL614388,Homo sapiens,UO-31,9606,,,IC50,uM,UO_0000065,,19.490867060791643
,13237991,[],CHEMBL2363812,SANGER: Inhibition of human U031 cell growth in a cell viability assay.,F,,,BAO_0000190,BAO_0000219,cell-based format,Nc1cccc2c1CN(C1CCC(=O)NC1=O)C2=O,Outside typical range,"Values for this activity type are unusually large/small, so may not be accurate",CHEMBL1201861,,,,CHEMBL848,LENALIDOMIDE,CHEMBL848,,0,http://www.openphacts.org/units/Nanomolar,1878477,=,5,1,=,,IC50,nM,,422395.89,CHEMBL614388,Homo sapiens,UO-31,9606,,,IC50,uM,UO_0000065,,422.3958890576022
,13237992,[],CHEMBL2363812,SANGER: Inhibition of human U031 cell growth in a cell viability assay.,F,,,BAO_0000190,BAO_0000219,cell-based format,CNC(=O)c1ccccc1Sc1ccc2c(/C=C/c3ccccn3)n[nH]c2c1,,,CHEMBL1201861,,,,CHEMBL1289926,AXITINIB,CHEMBL1289926,4.22,0,http://www.openphacts.org/units/Nanomolar,1878411,=,5,1,=,,IC50,nM,,60251.65,CHEMBL614388,Homo sapiens,UO-31,9606,,,IC50,uM,UO_0000065,,60.25165253732395
,13237993,[],CHEMBL2363812,SANGER: Inhibition of human U031 cell growth in a cell viability assay.,F,,,BAO_0000190,BAO_0000219,cell-based format,NC(=O)Nc1cc(-c2cccc(F)c2)sc1C(=O)N[C@H]1CCCNC1,,,CHEMBL1201861,,,,CHEMBL2041933,AZD-7762,CHEMBL2041933,6.32,0,http://www.openphacts.org/units/Nanomolar,1878417,=,5,1,=,,IC50,nM,,482.34,CHEMBL614388,Homo sapiens,UO-31,9606,,,IC50,uM,UO_0000065,,0.48233663299600316
,13237994,[],CHEMBL2363812,SANGER: Inhibition of human U031 cell growth in a cell viability assay.,F,,,BAO_0000190,BAO_0000219,cell-based format,Cn1cc(/C=C2\C(=O)Nc3cccnc32)c2ccccc21,Outside typical range,"Values for this activity type are unusually large/small, so may not be accurate",CHEMBL1201861,,,,CHEMBL176544,,CHEMBL176544,,0,http://www.openphacts.org/units/Nanomolar,1878466,=,5,1,=,,IC50,nM,,120830.29,CHEMBL614388,Homo sapiens,UO-31,9606,,,IC50,uM,UO_0000065,,120.83029010843975
,13237995,[],CHEMBL2363812,SANGER: Inhibition of human U031 cell growth in a cell viability assay.,F,,,BAO_0000190,BAO_0000219,cell-based format,C[C@]12O[C@H](C[C@]1(O)CO)n1c3ccccc3c3c4c(c5c6ccccc6n2c5c31)CNC4=O,,,CHEMBL1201861,,,,CHEMBL603469,LESTAURTINIB,CHEMBL603469,4.16,0,http://www.openphacts.org/units/Nanomolar,1878438,=,5,1,=,,IC50,nM,,69534.36,CHEMBL614388,Homo sapiens,UO-31,9606,,,IC50,uM,UO_0000065,,69.53435868647992
,13237996,[],CHEMBL2363812,SANGER: Inhibition of human U031 cell growth in a cell viability assay.,F,,,BAO_0000190,BAO_0000219,cell-based format,Cn1cc(C2=C(c3ccc(Cl)cc3Cl)C(=O)NC2=O)c2ccccc21,Outside typical range,"Values for this activity type are unusually large/small, so may not be accurate",CHEMBL1201861,,,,CHEMBL102714,SB-216763,CHEMBL102714,,0,http://www.openphacts.org/units/Nanomolar,1878374,=,5,1,=,,IC50,nM,,504854.87,CHEMBL614388,Homo sapiens,UO-31,9606,,,IC50,uM,UO_0000065,,504.8548690743808
,13237997,[],CHEMBL2363812,SANGER: Inhibition of human U031 cell growth in a cell viability assay.,F,,,BAO_0000190,BAO_0000219,cell-based format,C=CCNC1=C2C[C@@H](C)C[C@H](OC)[C@H](O)[C@@H](C)/C=C(\C)[C@H](OC(N)=O)[C@@H](OC)/C=C\C=C(/C)C(=O)NC(=CC1=O)C2=O,,,CHEMBL1201861,,,,CHEMBL109480,TANESPIMYCIN,CHEMBL109480,6.69,0,http://www.openphacts.org/units/Nanomolar,1878397,=,5,1,=,,IC50,nM,,205.47,CHEMBL614388,Homo sapiens,UO-31,9606,,,IC50,uM,UO_0000065,,0.2054677893815747
,13237998,[],CHEMBL2363812,SANGER: Inhibition of human U031 cell growth in a cell viability assay.,F,,,BAO_0000190,BAO_0000219,cell-based format,NC(=O)c1ccc(N(C(N)=O)c2c(F)cccc2F)nc1-c1ccc(F)cc1F,Outside typical range,"Values for this activity type are unusually large/small, so may not be accurate",CHEMBL1201861,,,,CHEMBL1090090,VX-702,CHEMBL1090090,,0,http://www.openphacts.org/units/Nanomolar,1878389,=,5,1,=,,IC50,nM,,119338.14,CHEMBL614388,Homo sapiens,UO-31,9606,,,IC50,uM,UO_0000065,,119.33814283416042
,13237999,[],CHEMBL2363812,SANGER: Inhibition of human U031 cell growth in a cell viability assay.,F,,,BAO_0000190,BAO_0000219,cell-based format,CC1(C)CNc2cc(NC(=O)c3cccnc3NCc3ccncc3)ccc21,,,CHEMBL1201861,,,,CHEMBL572881,MOTESANIB,CHEMBL572881,4.05,0,http://www.openphacts.org/units/Nanomolar,1878406,=,5,1,=,,IC50,nM,,88324.1,CHEMBL614388,Homo sapiens,UO-31,9606,,,IC50,uM,UO_0000065,,88.32409968620549
,13238000,[],CHEMBL2363812,SANGER: Inhibition of human U031 cell growth in a cell viability assay.,F,,,BAO_0000190,BAO_0000219,cell-based format,O=c1cc(-c2cccc3c2Sc2ccccc2S3)oc(N2CCOCC2)c1,,,CHEMBL1201861,,,,CHEMBL222102,KU-55933,CHEMBL222102,4.67,0,http://www.openphacts.org/units/Nanomolar,1878475,=,5,1,=,,IC50,nM,,21148.88,CHEMBL614388,Homo sapiens,UO-31,9606,,,IC50,uM,UO_0000065,,21.14888107843694
,13238001,[],CHEMBL2363812,SANGER: Inhibition of human U031 cell growth in a cell viability assay.,F,,,BAO_0000190,BAO_0000219,cell-based format,CN(NC(=O)CC(=O)NN(C)C(=S)c1ccccc1)C(=S)c1ccccc1,,,CHEMBL1201861,,,,CHEMBL1972860,ELESCLOMOL,CHEMBL1972860,7.87,0,http://www.openphacts.org/units/Nanomolar,1878452,=,5,1,=,,IC50,nM,,13.42,CHEMBL614388,Homo sapiens,UO-31,9606,,,IC50,uM,UO_0000065,,0.013416727897597524
,13238002,[],CHEMBL2363812,SANGER: Inhibition of human U031 cell growth in a cell viability assay.,F,,,BAO_0000190,BAO_0000219,cell-based format,CN(C)C/C=C/C(=O)Nc1cc2c(Nc3ccc(F)c(Cl)c3)ncnc2cc1O[C@H]1CCOC1,,,CHEMBL1201861,,,,CHEMBL1173655,AFATINIB,CHEMBL1173655,5.28,0,http://www.openphacts.org/units/Nanomolar,1878422,=,5,1,=,,IC50,nM,,5254.24,CHEMBL614388,Homo sapiens,UO-31,9606,,,IC50,uM,UO_0000065,,5.2542433117360545
,13238003,[],CHEMBL2363812,SANGER: Inhibition of human U031 cell growth in a cell viability assay.,F,,,BAO_0000190,BAO_0000219,cell-based format,CS(=O)(=O)c1ccc(C(=O)Nc2ccc(Cl)c(-c3ccccn3)c2)c(Cl)c1,Outside typical range,"Values for this activity type are unusually large/small, so may not be accurate",CHEMBL1201861,,,,CHEMBL473417,VISMODEGIB,CHEMBL473417,,0,http://www.openphacts.org/units/Nanomolar,1878459,=,5,1,=,,IC50,nM,,456227.23,CHEMBL614388,Homo sapiens,UO-31,9606,,,IC50,uM,UO_0000065,,456.22723145901557
,13238004,[],CHEMBL2363812,SANGER: Inhibition of human U031 cell growth in a cell viability assay.,F,,,BAO_0000190,BAO_0000219,cell-based format,CCCS(=O)(=O)Nc1ccc(F)c(C(=O)c2c[nH]c3ncc(Cl)cc23)c1F,,,CHEMBL1201861,,,,CHEMBL1230020,PLX-4720,CHEMBL1230020,4.45,0,http://www.openphacts.org/units/Nanomolar,1878366,=,5,1,=,,IC50,nM,,35813.18,CHEMBL614388,Homo sapiens,UO-31,9606,,,IC50,uM,UO_0000065,,35.81318064183351
,13238005,[],CHEMBL2363812,SANGER: Inhibition of human U031 cell growth in a cell viability assay.,F,,,BAO_0000190,BAO_0000219,cell-based format,O=C(NCCCNc1nc(Nc2cccc(NC(=O)N3CCCC3)c2)ncc1I)c1cccs1,,,CHEMBL1201861,,,,CHEMBL577784,BX-795,CHEMBL577784,4.37,0,http://www.openphacts.org/units/Nanomolar,1878434,=,5,1,=,,IC50,nM,,43079.27,CHEMBL614388,Homo sapiens,UO-31,9606,,,IC50,uM,UO_0000065,,43.07927400954219
,13238006,[],CHEMBL2363812,SANGER: Inhibition of human U031 cell growth in a cell viability assay.,F,,,BAO_0000190,BAO_0000219,cell-based format,O=c1cc(N2CCOCC2)oc2c(-c3cccc4c3sc3ccccc34)cccc12,,,CHEMBL1201861,,,,CHEMBL188678,,CHEMBL188678,5.44,0,http://www.openphacts.org/units/Nanomolar,1878349,=,5,1,=,,IC50,nM,,3593.68,CHEMBL614388,Homo sapiens,UO-31,9606,,,IC50,uM,UO_0000065,,3.5936773151161363
,13238007,[],CHEMBL2363812,SANGER: Inhibition of human U031 cell growth in a cell viability assay.,F,,,BAO_0000190,BAO_0000219,cell-based format,CC(=O)O[C@H]1[C@H](C)O[C@@H](Oc2c(-c3ccc(O)cc3)oc3cc(O)cc(O)c3c2=O)[C@H](O)[C@@H]1OC(C)=O,Outside typical range,"Values for this activity type are unusually large/small, so may not be accurate",CHEMBL1201861,,,,CHEMBL240954,,CHEMBL240954,,0,http://www.openphacts.org/units/Nanomolar,1878377,=,5,1,=,,IC50,nM,,232827.31,CHEMBL614388,Homo sapiens,UO-31,9606,,,IC50,uM,UO_0000065,,232.82730534963554
,13238008,[],CHEMBL2363812,SANGER: Inhibition of human U031 cell growth in a cell viability assay.,F,,,BAO_0000190,BAO_0000219,cell-based format,CC(C)CCN1c2nc(Nc3cc(F)c(O)c(F)c3)ncc2N(C)C(=O)C1C,Outside typical range,"Values for this activity type are unusually large/small, so may not be accurate",CHEMBL1201861,,,,CHEMBL573107,,CHEMBL573107,,0,http://www.openphacts.org/units/Nanomolar,1878424,=,5,1,=,,IC50,nM,,139510.1,CHEMBL614388,Homo sapiens,UO-31,9606,,,IC50,uM,UO_0000065,,139.51009998964074
,13238009,[],CHEMBL2363812,SANGER: Inhibition of human U031 cell growth in a cell viability assay.,F,,,BAO_0000190,BAO_0000219,cell-based format,Cc1ccc(-n2nc(C(C)(C)C)cc2NC(=O)Nc2ccc(OCCN3CCOCC3)c3ccccc23)cc1,Outside typical range,"Values for this activity type are unusually large/small, so may not be accurate",CHEMBL1201861,,,,CHEMBL103667,DORAMAPIMOD,CHEMBL103667,,0,http://www.openphacts.org/units/Nanomolar,1878425,=,5,1,=,,IC50,nM,,836410.9,CHEMBL614388,Homo sapiens,UO-31,9606,,,IC50,uM,UO_0000065,,836.4109004084635
,13238010,[],CHEMBL2363812,SANGER: Inhibition of human U031 cell growth in a cell viability assay.,F,,,BAO_0000190,BAO_0000219,cell-based format,CCOc1nc(NC(=O)Cc2cc(OC)ccc2OC)cc(N)c1C#N,Outside typical range,"Values for this activity type are unusually large/small, so may not be accurate",CHEMBL1201861,,,,CHEMBL210618,,CHEMBL210618,,0,http://www.openphacts.org/units/Nanomolar,1878472,=,5,1,=,,IC50,nM,,510595.66,CHEMBL614388,Homo sapiens,UO-31,9606,,,IC50,uM,UO_0000065,,510.5956574638164
,13238011,[],CHEMBL2363812,SANGER: Inhibition of human U031 cell growth in a cell viability assay.,F,,,BAO_0000190,BAO_0000219,cell-based format,O=C1NC(=O)c2c1c(-c1ccccc1Cl)cc1[nH]c3ccc(O)cc3c21,,,CHEMBL1201861,,,,CHEMBL379975,,CHEMBL379975,4.94,0,http://www.openphacts.org/units/Nanomolar,1878398,=,5,1,=,,IC50,nM,,11593.42,CHEMBL614388,Homo sapiens,UO-31,9606,,,IC50,uM,UO_0000065,,11.593423526826113
,13238012,[],CHEMBL2363812,SANGER: Inhibition of human U031 cell growth in a cell viability assay.,F,,,BAO_0000190,BAO_0000219,cell-based format,COc1ccc(C2=N[C@@H](c3ccc(Cl)cc3)[C@@H](c3ccc(Cl)cc3)N2C(=O)N2CCNC(=O)C2)c(OC(C)C)c1,Outside typical range,"Values for this activity type are unusually large/small, so may not be accurate",CHEMBL1201861,,,,CHEMBL191334,NUTLIN-3,CHEMBL191334,,0,http://www.openphacts.org/units/Nanomolar,1878350,=,5,1,=,,IC50,nM,,139769.27,CHEMBL614388,Homo sapiens,UO-31,9606,,,IC50,uM,UO_0000065,,139.76927117168043
,13238013,[],CHEMBL2363812,SANGER: Inhibition of human U031 cell growth in a cell viability assay.,F,,,BAO_0000190,BAO_0000219,cell-based format,CCN(CC)CCCCNc1ncc2cc(-c3cc(OC)cc(OC)c3)c(NC(=O)NC(C)(C)C)nc2n1,,,CHEMBL1201861,,,,CHEMBL189584,PD-173074,CHEMBL189584,4.29,0,http://www.openphacts.org/units/Nanomolar,1878361,=,5,1,=,,IC50,nM,,51021.19,CHEMBL614388,Homo sapiens,UO-31,9606,,,IC50,uM,UO_0000065,,51.02118813118291
,13238014,[],CHEMBL2363812,SANGER: Inhibition of human U031 cell growth in a cell viability assay.,F,,,BAO_0000190,BAO_0000219,cell-based format,COc1cc2c(Nc3ccc(NC(=O)c4ccccc4)cc3)ncnc2cc1OCCCN1CCOCC1,,,CHEMBL1201861,,,,CHEMBL202721,,CHEMBL202721,4.53,0,http://www.openphacts.org/units/Nanomolar,1878395,=,5,1,=,,IC50,nM,,29441.67,CHEMBL614388,Homo sapiens,UO-31,9606,,,IC50,uM,UO_0000065,,29.441669476076033
,13238015,[],CHEMBL2363812,SANGER: Inhibition of human U031 cell growth in a cell viability assay.,F,,,BAO_0000190,BAO_0000219,cell-based format,O=C1N=C(NCc2cccs2)S/C1=C\c1ccc2ncccc2c1,Outside typical range,"Values for this activity type are unusually large/small, so may not be accurate",CHEMBL1201861,,,,CHEMBL393929,,CHEMBL393929,,0,http://www.openphacts.org/units/Nanomolar,1878371,=,5,1,=,,IC50,nM,,222593.0,CHEMBL614388,Homo sapiens,UO-31,9606,,,IC50,uM,UO_0000065,,222.59300182390223
,13238016,[],CHEMBL2363812,SANGER: Inhibition of human U031 cell growth in a cell viability assay.,F,,,BAO_0000190,BAO_0000219,cell-based format,Cn1c(=O)n(-c2ccc(C(C)(C)C#N)cc2)c2c3cc(-c4cnc5ccccc5c4)ccc3ncc21,,,CHEMBL1201861,,,,CHEMBL1879463,DACTOLISIB,CHEMBL1879463,7.01,0,http://www.openphacts.org/units/Nanomolar,1878351,=,5,1,=,,IC50,nM,,96.73,CHEMBL614388,Homo sapiens,UO-31,9606,,,IC50,uM,UO_0000065,,0.09672871222154468
,13238017,[],CHEMBL2363812,SANGER: Inhibition of human U031 cell growth in a cell viability assay.,F,,,BAO_0000190,BAO_0000219,cell-based format,CS(=O)(=O)N1CCN(Cc2cc3nc(-c4cccc5[nH]ncc45)nc(N4CCOCC4)c3s2)CC1,Outside typical range,"Values for this activity type are unusually large/small, so may not be accurate",CHEMBL1201861,,,,CHEMBL521851,PICTILISIB,CHEMBL521851,,0,http://www.openphacts.org/units/Nanomolar,1878460,=,5,1,=,,IC50,nM,,137711.65,CHEMBL614388,Homo sapiens,UO-31,9606,,,IC50,uM,UO_0000065,,137.7116491230619
,13238018,[],CHEMBL2363812,SANGER: Inhibition of human U031 cell growth in a cell viability assay.,F,,,BAO_0000190,BAO_0000219,cell-based format,COc1ccc(-c2ccc3c(N4CCOC[C@@H]4C)nc(N4CCOC[C@@H]4C)nc3n2)cc1CO,,,CHEMBL1201861,,,,CHEMBL1801204,AZD-8055,CHEMBL1801204,5.50,0,http://www.openphacts.org/units/Nanomolar,1878418,=,5,1,=,,IC50,nM,,3124.23,CHEMBL614388,Homo sapiens,UO-31,9606,,,IC50,uM,UO_0000065,,3.1242304598026567
,13238019,[],CHEMBL2363812,SANGER: Inhibition of human U031 cell growth in a cell viability assay.,F,,,BAO_0000190,BAO_0000219,cell-based format,O=C(NOC[C@H](O)CO)c1ccc(F)c(F)c1Nc1ccc(I)cc1F,,,CHEMBL1201861,,,,CHEMBL507361,MIRDAMETINIB,CHEMBL507361,4.77,0,http://www.openphacts.org/units/Nanomolar,1878359,=,5,1,=,,IC50,nM,,16966.3,CHEMBL614388,Homo sapiens,UO-31,9606,,,IC50,uM,UO_0000065,,16.966299598698118
,13238020,[],CHEMBL2363812,SANGER: Inhibition of human U031 cell growth in a cell viability assay.,F,,,BAO_0000190,BAO_0000219,cell-based format,CN(C)CCOc1ccc(-c2nc(-c3ccncc3)c(-c3ccc4c(c3)CC/C4=N\O)[nH]2)cc1,Outside typical range,"Values for this activity type are unusually large/small, so may not be accurate",CHEMBL1201861,,,,CHEMBL477989,SB590885,CHEMBL477989,,0,http://www.openphacts.org/units/Nanomolar,1878375,=,5,1,=,,IC50,nM,,334090.86,CHEMBL614388,Homo sapiens,UO-31,9606,,,IC50,uM,UO_0000065,,334.0908627028685
,13238021,[],CHEMBL2363812,SANGER: Inhibition of human U031 cell growth in a cell viability assay.,F,,,BAO_0000190,BAO_0000219,cell-based format,Cc1cc([C@@H](C)Nc2ccccc2C(=O)O)c2nc(N3CCOCC3)cc(=O)n2c1,,,CHEMBL1201861,,,,CHEMBL2165191,AZD-6482,CHEMBL2165191,6.82,0,http://www.openphacts.org/units/Nanomolar,1878391,=,5,1,=,,IC50,nM,,150.75,CHEMBL614388,Homo sapiens,UO-31,9606,,,IC50,uM,UO_0000065,,0.15075247885913784
,13238022,[],CHEMBL2363812,SANGER: Inhibition of human U031 cell growth in a cell viability assay.,F,,,BAO_0000190,BAO_0000219,cell-based format,O=C1/C(=C/c2cccs2)CC/C1=C\c1cccs1,Outside typical range,"Values for this activity type are unusually large/small, so may not be accurate",CHEMBL1201861,,,,CHEMBL255342,,CHEMBL255342,,0,http://www.openphacts.org/units/Nanomolar,1878436,=,5,1,=,,IC50,nM,,107238.68,CHEMBL614388,Homo sapiens,UO-31,9606,,,IC50,uM,UO_0000065,,107.23867952257133
,13238023,[],CHEMBL2363812,SANGER: Inhibition of human U031 cell growth in a cell viability assay.,F,,,BAO_0000190,BAO_0000219,cell-based format,O=c1cc(CN2CCOCC2)occ1OCCCCCSc1ccnc2cc(C(F)(F)F)ccc12,,,CHEMBL1201861,,,,CHEMBL1186585,,CHEMBL1186585,4.80,0,http://www.openphacts.org/units/Nanomolar,1878451,=,5,1,=,,IC50,nM,,16008.9,CHEMBL614388,Homo sapiens,UO-31,9606,,,IC50,uM,UO_0000065,,16.00890292018217
,13238024,[],CHEMBL2363812,SANGER: Inhibition of human U031 cell growth in a cell viability assay.,F,,,BAO_0000190,BAO_0000219,cell-based format,NC(=O)[C@@H](CCC(F)(F)F)N(Cc1ccc(-c2ncon2)cc1F)S(=O)(=O)c1ccc(Cl)cc1,,,CHEMBL1201861,,,,CHEMBL1090771,AVAGACESTAT,CHEMBL1090771,4.19,0,http://www.openphacts.org/units/Nanomolar,1878429,=,5,1,=,,IC50,nM,,64488.57,CHEMBL614388,Homo sapiens,UO-31,9606,,,IC50,uM,UO_0000065,,64.48857007764569
,13238025,[],CHEMBL2363812,SANGER: Inhibition of human U031 cell growth in a cell viability assay.,F,,,BAO_0000190,BAO_0000219,cell-based format,CCc1cncnc1N1CCN(Cc2nc3cc(C(F)(F)F)ccc3[nH]2)CC1,,,CHEMBL1201861,,,,CHEMBL2134202,,CHEMBL2134202,4.67,0,http://www.openphacts.org/units/Nanomolar,1878363,=,5,1,=,,IC50,nM,,21480.17,CHEMBL614388,Homo sapiens,UO-31,9606,,,IC50,uM,UO_0000065,,21.48016604876035
,13238026,[],CHEMBL2363812,SANGER: Inhibition of human U031 cell growth in a cell viability assay.,F,,,BAO_0000190,BAO_0000219,cell-based format,c1ccc2c(CCNc3ccc(Nc4ccncc4)cc3)c[nH]c2c1,,,CHEMBL1201861,,,,CHEMBL2137530,SERDEMETAN,CHEMBL2137530,5.19,0,http://www.openphacts.org/units/Nanomolar,1878470,=,5,1,=,,IC50,nM,,6418.16,CHEMBL614388,Homo sapiens,UO-31,9606,,,IC50,uM,UO_0000065,,6.418156968950077
,13238027,[],CHEMBL2363812,SANGER: Inhibition of human U031 cell growth in a cell viability assay.,F,,,BAO_0000190,BAO_0000219,cell-based format,CC(C)c1ccccc1Cc1cc(C(=O)Nc2ccc(S(=O)(=O)c3ccccc3C(C)(C)C)cc2)c(O)c(O)c1O,,,CHEMBL1201861,,,,CHEMBL217354,,CHEMBL217354,6.74,0,http://www.openphacts.org/units/Nanomolar,1878384,=,5,1,=,,IC50,nM,,183.87,CHEMBL614388,Homo sapiens,UO-31,9606,,,IC50,uM,UO_0000065,,0.18387078932184328
,13238028,[],CHEMBL2363812,SANGER: Inhibition of human U031 cell growth in a cell viability assay.,F,,,BAO_0000190,BAO_0000219,cell-based format,CCc1cc(-c2[nH]nc(C)c2-c2ccc3c(c2)OCCO3)c(O)cc1O,,,CHEMBL1201861,,,,CHEMBL399530,,CHEMBL399530,5.37,0,http://www.openphacts.org/units/Nanomolar,1878437,=,5,1,=,,IC50,nM,,4302.19,CHEMBL614388,Homo sapiens,UO-31,9606,,,IC50,uM,UO_0000065,,4.302193461652365
,13238029,[],CHEMBL2363812,SANGER: Inhibition of human U031 cell growth in a cell viability assay.,F,,,BAO_0000190,BAO_0000219,cell-based format,CNCc1ccc(-c2[nH]c3cc(F)cc4c3c2CCNC4=O)cc1,,,CHEMBL1201861,,,,CHEMBL1173055,RUCAPARIB,CHEMBL1173055,4.73,0,http://www.openphacts.org/units/Nanomolar,1878403,=,5,1,=,,IC50,nM,,18779.52,CHEMBL614388,Homo sapiens,UO-31,9606,,,IC50,uM,UO_0000065,,18.779521608502655
,18548478,[],CHEMBL4198770,Antiproliferative activity against human UO31 cells after 48 hrs by MTT assay,F,,,BAO_0000190,BAO_0000219,cell-based format,O=C(CN1CCN(c2cc3c(cc2F)c(=O)c(C(=O)O)cn3C2CC2)CC1)N/N=C/c1ccccc1C(F)(F)F,,,CHEMBL4196087,Eur J Med Chem,2018.0,,CHEMBL4218149,,CHEMBL4218149,5.31,0,http://www.openphacts.org/units/Nanomolar,3079544,=,1,1,=,,IC50,nM,,4920.0,CHEMBL614388,Homo sapiens,UO-31,9606,,,IC50,uM,UO_0000065,,4.92
,18548479,[],CHEMBL4198770,Antiproliferative activity against human UO31 cells after 48 hrs by MTT assay,F,,,BAO_0000190,BAO_0000219,cell-based format,O=C(CN1CCN(c2cc3c(cc2F)c(=O)c(C(=O)O)cn3C2CC2)CC1)N/N=C/c1ccccc1O,,,CHEMBL4196087,Eur J Med Chem,2018.0,,CHEMBL4213218,,CHEMBL4213218,6.12,0,http://www.openphacts.org/units/Nanomolar,3079545,=,1,1,=,,IC50,nM,,750.0,CHEMBL614388,Homo sapiens,UO-31,9606,,,IC50,uM,UO_0000065,,0.75
,18548480,[],CHEMBL4198770,Antiproliferative activity against human UO31 cells after 48 hrs by MTT assay,F,,,BAO_0000190,BAO_0000219,cell-based format,O=C(CN1CCN(c2cc3c(cc2F)c(=O)c(C(=O)O)cn3C2CC2)CC1)N/N=C/c1ccc(O)cc1O,,,CHEMBL4196087,Eur J Med Chem,2018.0,,CHEMBL4217627,,CHEMBL4217627,5.50,0,http://www.openphacts.org/units/Nanomolar,3079547,=,1,1,=,,IC50,nM,,3190.0,CHEMBL614388,Homo sapiens,UO-31,9606,,,IC50,uM,UO_0000065,,3.19
,18548481,[],CHEMBL4198770,Antiproliferative activity against human UO31 cells after 48 hrs by MTT assay,F,,,BAO_0000190,BAO_0000219,cell-based format,O=C(CN1CCN(c2cc3c(cc2F)c(=O)c(C(=O)O)cn3C2CC2)CC1)N/N=C/c1cc2ccccc2[nH]1,,,CHEMBL4196087,Eur J Med Chem,2018.0,,CHEMBL4205327,,CHEMBL4205327,6.14,0,http://www.openphacts.org/units/Nanomolar,3079554,=,1,1,=,,IC50,nM,,720.0,CHEMBL614388,Homo sapiens,UO-31,9606,,,IC50,uM,UO_0000065,,0.72
,18548482,[],CHEMBL4198770,Antiproliferative activity against human UO31 cells after 48 hrs by MTT assay,F,,,BAO_0000190,BAO_0000219,cell-based format,COc1cccc2c1C(=O)c1c(O)c3c(c(O)c1C2=O)C[C@@](O)(C(=O)CO)C[C@@H]3O[C@H]1C[C@H](N)[C@H](O)[C@H](C)O1,,,CHEMBL4196087,Eur J Med Chem,2018.0,,CHEMBL53463,DOXORUBICIN,CHEMBL53463,5.19,0,http://www.openphacts.org/units/Nanomolar,3079560,=,1,1,=,,IC50,nM,,6440.0,CHEMBL614388,Homo sapiens,UO-31,9606,,,IC50,uM,UO_0000065,,6.44
,18810803,[],CHEMBL4275959,Antiproliferative activity against human UO31 cells,F,,,BAO_0000190,BAO_0000219,cell-based format,CNC(=O)c1cc(Oc2ccc(NC(=O)Nc3ccc(Cl)c(C(F)(F)F)c3)cc2)ccn1,,,CHEMBL4270647,Eur J Med Chem,2018.0,,CHEMBL1336,SORAFENIB,CHEMBL1336,5.60,0,http://www.openphacts.org/units/Nanomolar,3125366,=,1,1,=,,IC50,nM,,2510.0,CHEMBL614388,Homo sapiens,UO-31,9606,,,IC50,uM,UO_0000065,,2.51
,18810804,[],CHEMBL4275959,Antiproliferative activity against human UO31 cells,F,,,BAO_0000190,BAO_0000219,cell-based format,O=C(NCCNc1nccc(-c2c(-c3ccc(F)cc3)nc3sccn23)n1)c1ccccc1,,,CHEMBL4270647,Eur J Med Chem,2018.0,,CHEMBL4285393,,CHEMBL4285393,5.76,0,http://www.openphacts.org/units/Nanomolar,3125378,=,1,1,=,,IC50,nM,,1750.0,CHEMBL614388,Homo sapiens,UO-31,9606,,,IC50,uM,UO_0000065,,1.75
,18810805,[],CHEMBL4275959,Antiproliferative activity against human UO31 cells,F,,,BAO_0000190,BAO_0000219,cell-based format,COc1ccc(C(=O)NCCNc2nccc(-c3c(-c4ccc(F)cc4)nc4sccn34)n2)cc1,,,CHEMBL4270647,Eur J Med Chem,2018.0,,CHEMBL4277436,,CHEMBL4277436,5.85,0,http://www.openphacts.org/units/Nanomolar,3125379,=,1,1,=,,IC50,nM,,1420.0,CHEMBL614388,Homo sapiens,UO-31,9606,,,IC50,uM,UO_0000065,,1.42
,18810806,[],CHEMBL4275959,Antiproliferative activity against human UO31 cells,F,,,BAO_0000190,BAO_0000219,cell-based format,O=C(NCCNc1nccc(-c2c(-c3ccc(F)cc3)nc3sccn23)n1)Nc1ccccc1,,,CHEMBL4270647,Eur J Med Chem,2018.0,,CHEMBL4288740,,CHEMBL4288740,5.53,0,http://www.openphacts.org/units/Nanomolar,3125380,=,1,1,=,,IC50,nM,,2940.0,CHEMBL614388,Homo sapiens,UO-31,9606,,,IC50,uM,UO_0000065,,2.94
,18864188,[],CHEMBL4309564,Growth inhibition of human UO31 cells incubated for 48 hrs by sulforhodamine B assay,F,,,BAO_0000190,BAO_0000219,cell-based format,COc1cc(Cl)cc(-c2nn(-c3cccc(NC(=O)Nc4ccc(Cl)c(Cl)c4)c3)cc2-c2ccncc2)c1,,,CHEMBL4308841,Eur J Med Chem,2018.0,,CHEMBL4576108,,CHEMBL4576108,5.72,0,http://www.openphacts.org/units/Nanomolar,3148972,=,1,1,=,,IC50,nM,,1890.0,CHEMBL614388,Homo sapiens,UO-31,9606,,,IC50,uM,UO_0000065,,1.89
,18864189,[],CHEMBL4309564,Growth inhibition of human UO31 cells incubated for 48 hrs by sulforhodamine B assay,F,,,BAO_0000190,BAO_0000219,cell-based format,COc1cc(Cl)cc(-c2nn(-c3cccc(NC(=O)Nc4cccc(C(F)(F)F)c4)c3)cc2-c2ccncc2)c1,,,CHEMBL4308841,Eur J Med Chem,2018.0,,CHEMBL4468905,,CHEMBL4468905,5.99,0,http://www.openphacts.org/units/Nanomolar,3148973,=,1,1,=,,IC50,nM,,1030.0,CHEMBL614388,Homo sapiens,UO-31,9606,,,IC50,uM,UO_0000065,,1.03
,18864190,[],CHEMBL4309564,Growth inhibition of human UO31 cells incubated for 48 hrs by sulforhodamine B assay,F,,,BAO_0000190,BAO_0000219,cell-based format,COc1cc(Cl)cc(-c2nn(-c3cccc(NC(=O)Nc4ccc(Cl)c(C(F)(F)F)c4)c3)cc2-c2ccncc2)c1,,,CHEMBL4308841,Eur J Med Chem,2018.0,,CHEMBL4447379,,CHEMBL4447379,5.78,0,http://www.openphacts.org/units/Nanomolar,3148974,=,1,1,=,,IC50,nM,,1660.0,CHEMBL614388,Homo sapiens,UO-31,9606,,,IC50,uM,UO_0000065,,1.66
,18864191,[],CHEMBL4309564,Growth inhibition of human UO31 cells incubated for 48 hrs by sulforhodamine B assay,F,,,BAO_0000190,BAO_0000219,cell-based format,COc1cc(Cl)cc(-c2nn(-c3cccc(NC(=O)Nc4cc(C(F)(F)F)cc(C(F)(F)F)c4)c3)cc2-c2ccncc2)c1,,,CHEMBL4308841,Eur J Med Chem,2018.0,,CHEMBL4436746,,CHEMBL4436746,6.58,0,http://www.openphacts.org/units/Nanomolar,3148975,=,1,1,=,,IC50,nM,,260.0,CHEMBL614388,Homo sapiens,UO-31,9606,,,IC50,uM,UO_0000065,,0.26
,18864193,[],CHEMBL4309564,Growth inhibition of human UO31 cells incubated for 48 hrs by sulforhodamine B assay,F,,,BAO_0000190,BAO_0000219,cell-based format,O=C(Nc1cccc(-n2cc(-c3ccncc3)c(-c3cc(O)cc(Cl)c3)n2)c1)Nc1ccc(Cl)c(Cl)c1,,,CHEMBL4308841,Eur J Med Chem,2018.0,,CHEMBL4463911,,CHEMBL4463911,5.72,0,http://www.openphacts.org/units/Nanomolar,3148976,=,1,1,=,,IC50,nM,,1910.0,CHEMBL614388,Homo sapiens,UO-31,9606,,,IC50,uM,UO_0000065,,1.91
,18864194,[],CHEMBL4309564,Growth inhibition of human UO31 cells incubated for 48 hrs by sulforhodamine B assay,F,,,BAO_0000190,BAO_0000219,cell-based format,O=C(Nc1cccc(-n2cc(-c3ccncc3)c(-c3cc(O)cc(Cl)c3)n2)c1)Nc1ccc(Cl)c(C(F)(F)F)c1,,,CHEMBL4308841,Eur J Med Chem,2018.0,,CHEMBL4440394,,CHEMBL4440394,5.68,0,http://www.openphacts.org/units/Nanomolar,3148977,=,1,1,=,,IC50,nM,,2100.0,CHEMBL614388,Homo sapiens,UO-31,9606,,,IC50,uM,UO_0000065,,2.1
,18864195,[],CHEMBL4309564,Growth inhibition of human UO31 cells incubated for 48 hrs by sulforhodamine B assay,F,,,BAO_0000190,BAO_0000219,cell-based format,COc1cc(Cl)cc(-c2nn(-c3cccc(NC(=O)c4cccc(C(F)(F)F)c4)c3)cc2-c2ccncc2)c1,,,CHEMBL4308841,Eur J Med Chem,2018.0,,CHEMBL4467214,,CHEMBL4467214,5.57,0,http://www.openphacts.org/units/Nanomolar,3148979,=,1,1,=,,IC50,nM,,2710.0,CHEMBL614388,Homo sapiens,UO-31,9606,,,IC50,uM,UO_0000065,,2.71
,18864196,[],CHEMBL4309564,Growth inhibition of human UO31 cells incubated for 48 hrs by sulforhodamine B assay,F,,,BAO_0000190,BAO_0000219,cell-based format,COc1cc(Cl)cc(-c2nn(-c3cccc(NC(=O)c4ccc(N5CCOCC5)c(C(F)(F)F)c4)c3)cc2-c2ccncc2)c1,,,CHEMBL4308841,Eur J Med Chem,2018.0,,CHEMBL4529383,,CHEMBL4529383,5.35,0,http://www.openphacts.org/units/Nanomolar,3148980,=,1,1,=,,IC50,nM,,4500.0,CHEMBL614388,Homo sapiens,UO-31,9606,,,IC50,uM,UO_0000065,,4.5
,18864197,[],CHEMBL4309564,Growth inhibition of human UO31 cells incubated for 48 hrs by sulforhodamine B assay,F,,,BAO_0000190,BAO_0000219,cell-based format,O=C(Nc1cccc(-n2cc(-c3ccncc3)c(-c3cc(O)cc(Cl)c3)n2)c1)c1ccc(N2CCOCC2)c(C(F)(F)F)c1,,,CHEMBL4308841,Eur J Med Chem,2018.0,,CHEMBL4457746,,CHEMBL4457746,5.85,0,http://www.openphacts.org/units/Nanomolar,3148982,=,1,1,=,,IC50,nM,,1410.0,CHEMBL614388,Homo sapiens,UO-31,9606,,,IC50,uM,UO_0000065,,1.41
,18864198,[],CHEMBL4309564,Growth inhibition of human UO31 cells incubated for 48 hrs by sulforhodamine B assay,F,,,BAO_0000190,BAO_0000219,cell-based format,O=C(Nc1cccc(-n2cc(-c3ccncc3)c(-c3cc(O)cc(Cl)c3)n2)c1)c1cc(C(F)(F)F)cc(C(F)(F)F)c1,,,CHEMBL4308841,Eur J Med Chem,2018.0,,CHEMBL4455749,,CHEMBL4455749,5.60,0,http://www.openphacts.org/units/Nanomolar,3148983,=,1,1,=,,IC50,nM,,2500.0,CHEMBL614388,Homo sapiens,UO-31,9606,,,IC50,uM,UO_0000065,,2.5
,18864199,[],CHEMBL4309564,Growth inhibition of human UO31 cells incubated for 48 hrs by sulforhodamine B assay,F,,,BAO_0000190,BAO_0000219,cell-based format,CNC(=O)c1cc(Oc2ccc(NC(=O)Nc3ccc(Cl)c(C(F)(F)F)c3)cc2)ccn1,,,CHEMBL4308841,Eur J Med Chem,2018.0,,CHEMBL1336,SORAFENIB,CHEMBL1336,5.60,0,http://www.openphacts.org/units/Nanomolar,3148984,=,1,1,=,,IC50,nM,,2510.0,CHEMBL614388,Homo sapiens,UO-31,9606,,,IC50,uM,UO_0000065,,2.51
,18887638,[],CHEMBL4313653,Antiproliferative against human UO31 cells incubated for 24 hrs by MTT assay,F,,,BAO_0000190,BAO_0000219,cell-based format,O=[N+]([O-])c1ccc(/C=N/Nc2nnc(-c3ccncc3)o2)cc1,,,CHEMBL4311968,Eur J Med Chem,2019.0,,CHEMBL4561572,,CHEMBL4561572,8.06,0,http://www.openphacts.org/units/Nanomolar,3151476,=,1,1,=,,IC50,nM,,8.604,CHEMBL614388,Homo sapiens,UO-31,9606,,,IC50,nM,UO_0000065,,8.6035
,18887639,[],CHEMBL4313653,Antiproliferative against human UO31 cells incubated for 24 hrs by MTT assay,F,,,BAO_0000190,BAO_0000219,cell-based format,O=C(CSc1nnc(-c2ccncc2)o1)N/N=C/c1ccc([N+](=O)[O-])cc1,,,CHEMBL4311968,Eur J Med Chem,2019.0,,CHEMBL3098650,,CHEMBL3098650,7.43,0,http://www.openphacts.org/units/Nanomolar,3151478,=,1,1,=,,IC50,nM,,36.72,CHEMBL614388,Homo sapiens,UO-31,9606,,,IC50,nM,UO_0000065,,36.7161
,18887640,[],CHEMBL4313653,Antiproliferative against human UO31 cells incubated for 24 hrs by MTT assay,F,,,BAO_0000190,BAO_0000219,cell-based format,Brc1ccc(-c2nnc(CSc3nnc(-c4ccncc4)o3)o2)cc1,,,CHEMBL4311968,Eur J Med Chem,2019.0,,CHEMBL4529762,,CHEMBL4529762,7.08,0,http://www.openphacts.org/units/Nanomolar,3151481,=,1,1,=,,IC50,nM,,83.51,CHEMBL614388,Homo sapiens,UO-31,9606,,,IC50,nM,UO_0000065,,83.506
,18887641,[],CHEMBL4313653,Antiproliferative against human UO31 cells incubated for 24 hrs by MTT assay,F,,,BAO_0000190,BAO_0000219,cell-based format,O=C(Nc1ccccc1)Nc1nnc(-c2cccnc2)o1,,,CHEMBL4311968,Eur J Med Chem,2019.0,,CHEMBL4535881,,CHEMBL4535881,8.24,0,http://www.openphacts.org/units/Nanomolar,3151482,=,1,1,=,,IC50,nM,,5.759,CHEMBL614388,Homo sapiens,UO-31,9606,,,IC50,nM,UO_0000065,,5.7587
,18887642,[],CHEMBL4313653,Antiproliferative against human UO31 cells incubated for 24 hrs by MTT assay,F,,,BAO_0000190,BAO_0000219,cell-based format,CCO/C=N/c1nnc(-c2cccnc2)o1,,,CHEMBL4311968,Eur J Med Chem,2019.0,,CHEMBL4533452,,CHEMBL4533452,6.51,0,http://www.openphacts.org/units/Nanomolar,3151484,=,1,1,=,,IC50,nM,,310.04,CHEMBL614388,Homo sapiens,UO-31,9606,,,IC50,nM,UO_0000065,,310.0395
,18887643,[],CHEMBL4313653,Antiproliferative against human UO31 cells incubated for 24 hrs by MTT assay,F,,,BAO_0000190,BAO_0000219,cell-based format,Clc1ccc(/C=N/c2nnc(-c3cccnc3)o2)cc1,,,CHEMBL4311968,Eur J Med Chem,2019.0,,CHEMBL4569755,,CHEMBL4569755,7.87,0,http://www.openphacts.org/units/Nanomolar,3151485,=,1,1,=,,IC50,nM,,13.57,CHEMBL614388,Homo sapiens,UO-31,9606,,,IC50,nM,UO_0000065,,13.567
,18887644,[],CHEMBL4313653,Antiproliferative against human UO31 cells incubated for 24 hrs by MTT assay,F,,,BAO_0000190,BAO_0000219,cell-based format,O=C(Nc1ccccc1)Nc1nnc(-c2ccccc2)o1,,,CHEMBL4311968,Eur J Med Chem,2019.0,,CHEMBL1322701,,CHEMBL1322701,7.48,0,http://www.openphacts.org/units/Nanomolar,3151487,=,1,1,=,,IC50,nM,,33.15,CHEMBL614388,Homo sapiens,UO-31,9606,,,IC50,nM,UO_0000065,,33.1536
,18887645,[],CHEMBL4313653,Antiproliferative against human UO31 cells incubated for 24 hrs by MTT assay,F,,,BAO_0000190,BAO_0000219,cell-based format,CCO/C=N/c1nnc(-c2ccc(Cl)cc2)o1,,,CHEMBL4311968,Eur J Med Chem,2019.0,,CHEMBL4456191,,CHEMBL4456191,7.28,0,http://www.openphacts.org/units/Nanomolar,3151491,=,1,1,=,,IC50,nM,,52.66,CHEMBL614388,Homo sapiens,UO-31,9606,,,IC50,nM,UO_0000065,,52.6648
,18887646,[],CHEMBL4313653,Antiproliferative against human UO31 cells incubated for 24 hrs by MTT assay,F,,,BAO_0000190,BAO_0000219,cell-based format,Clc1ccc(/C=N/c2nnc(-c3ccc(Cl)cc3)o2)cc1,,,CHEMBL4311968,Eur J Med Chem,2019.0,,CHEMBL4465282,,CHEMBL4465282,7.53,0,http://www.openphacts.org/units/Nanomolar,3151495,=,1,1,=,,IC50,nM,,29.63,CHEMBL614388,Homo sapiens,UO-31,9606,,,IC50,nM,UO_0000065,,29.6311
,18887647,[],CHEMBL4313653,Antiproliferative against human UO31 cells incubated for 24 hrs by MTT assay,F,,,BAO_0000190,BAO_0000219,cell-based format,COc1cccc2c1C(=O)c1c(O)c3c(c(O)c1C2=O)C[C@@](O)(C(=O)CO)C[C@@H]3O[C@H]1C[C@H](N)[C@H](O)[C@H](C)O1,,,CHEMBL4311968,Eur J Med Chem,2019.0,,CHEMBL53463,DOXORUBICIN,CHEMBL53463,8.13,0,http://www.openphacts.org/units/Nanomolar,3151501,=,1,1,=,,IC50,nM,,7.453,CHEMBL614388,Homo sapiens,UO-31,9606,,,IC50,nM,UO_0000065,,7.453
,18932468,[],CHEMBL4326184,Antiproliferative activity against taxane-resistant human UO31 cells after 72 hrs by CellTiter 96 aqueous nonradioactive cell proliferation assay,F,,,BAO_0000190,BAO_0000219,cell-based format,C=CC[C@H]1C[C@]2([C@H](C)Cc3cc(O)c(OC)cc3F)OCOC2=CC1=O,,,CHEMBL4325827,J Med Chem,2018.0,,CHEMBL4468684,,CHEMBL4468684,5.16,0,http://www.openphacts.org/units/Nanomolar,3158405,=,1,1,=,,IC50,nM,,7000.0,CHEMBL614388,Homo sapiens,UO-31,9606,,,IC50,uM,UO_0000065,,7.0
,18932469,[],CHEMBL4326184,Antiproliferative activity against taxane-resistant human UO31 cells after 72 hrs by CellTiter 96 aqueous nonradioactive cell proliferation assay,F,,,BAO_0000190,BAO_0000219,cell-based format,CC(=O)O[C@H]1C(=O)[C@]2(C)[C@@H](O)C[C@H]3OC[C@@]3(OC(C)=O)[C@H]2[C@H](OC(=O)c2ccccc2)[C@]2(O)C[C@H](OC(=O)[C@H](O)[C@@H](NC(=O)c3ccccc3)c3ccccc3)C(C)=C1C2(C)C,Outside typical range,"Values for this activity type are unusually large/small, so may not be accurate",CHEMBL4325827,J Med Chem,2018.0,,CHEMBL428647,PACLITAXEL,CHEMBL428647,,0,http://www.openphacts.org/units/Nanomolar,3158409,=,1,1,=,,IC50,nM,,240000.0,CHEMBL614388,Homo sapiens,UO-31,9606,,,IC50,uM,UO_0000065,,240.0
,19126408,[],CHEMBL4374016,Antiproliferative activity against human UO31 cells assessed as reduction in cell viability after 48 hrs by SRB assay,F,,,BAO_0000190,BAO_0000219,cell-based format,C/C=C(\C)C(=O)O[C@H]1C=CC(=O)O[C@H]1CC[C@H](O)[C@H](C)O,,,CHEMBL4373641,MedChemComm,2019.0,,CHEMBL512404,"6,7-DIHYDROPHOMOPSOLIDE B",CHEMBL512404,5.70,0,http://www.openphacts.org/units/Nanomolar,3192145,=,1,1,=,,IC50,nM,,2000.0,CHEMBL614388,Homo sapiens,UO-31,9606,,,IC50,uM,UO_0000065,49.0,2.0
,19126409,[],CHEMBL4374016,Antiproliferative activity against human UO31 cells assessed as reduction in cell viability after 48 hrs by SRB assay,F,,,BAO_0000190,BAO_0000219,cell-based format,C/C=C(\C)C(=O)O[C@H]1C=CC(=O)O[C@H]1CCC(=O)[C@H](C)O,,,CHEMBL4373641,MedChemComm,2019.0,,CHEMBL4579634,,CHEMBL4579634,5.70,0,http://www.openphacts.org/units/Nanomolar,3192146,=,1,1,=,,IC50,nM,,2000.0,CHEMBL614388,Homo sapiens,UO-31,9606,,,IC50,uM,UO_0000065,49.0,2.0
,19126410,[],CHEMBL4374016,Antiproliferative activity against human UO31 cells assessed as reduction in cell viability after 48 hrs by SRB assay,F,,,BAO_0000190,BAO_0000219,cell-based format,C/C=C(\C)C(=O)O[C@H]1C=CC(=O)O[C@H]1COC(=O)[C@H](C)O,,,CHEMBL4373641,MedChemComm,2019.0,,CHEMBL4580864,,CHEMBL4580864,4.82,0,http://www.openphacts.org/units/Nanomolar,3192147,=,1,1,=,,IC50,nM,,15000.0,CHEMBL614388,Homo sapiens,UO-31,9606,,,IC50,uM,UO_0000065,,15.0
,19126411,[],CHEMBL4374016,Antiproliferative activity against human UO31 cells assessed as reduction in cell viability after 48 hrs by SRB assay,F,,,BAO_0000190,BAO_0000219,cell-based format,C/C=C(\C)C(=O)O[C@H]1C=CC(=O)O[C@H]1CNC(=O)[C@H](C)O,,,CHEMBL4373641,MedChemComm,2019.0,,CHEMBL4548558,,CHEMBL4548558,4.52,0,http://www.openphacts.org/units/Nanomolar,3192148,=,1,1,=,,IC50,nM,,30000.0,CHEMBL614388,Homo sapiens,UO-31,9606,,,IC50,uM,UO_0000065,,30.0
,22483648,"[{'comments': None, 'relation': '=', 'result_flag': 0, 'standard_relation': '=', 'standard_text_value': None, 'standard_type': 'TIME', 'standard_units': 'hr', 'standard_value': '48.0', 'text_value': None, 'type': 'Time', 'units': 'hrs', 'value': '48.0'}]",CHEMBL4688165,Anti-cancer activity against human UO-31 cells assessed as cell growth inhibition measured after 48 hrs by SRB method,F,,,BAO_0000190,BAO_0000219,cell-based format,C1=C2CNCC3=Cc4c(ccc5ccccc45)OC23Oc2ccc3ccccc3c21,,,CHEMBL4680293,Bioorg Med Chem,2021.0,,CHEMBL4783328,,CHEMBL4783328,5.32,0,http://www.openphacts.org/units/Nanomolar,3524369,=,1,1,=,,IC50,nM,,4760.0,CHEMBL614388,Homo sapiens,UO-31,9606,,,IC50,uM,UO_0000065,,4.76
,22850610,"[{'comments': None, 'relation': '=', 'result_flag': 0, 'standard_relation': '=', 'standard_text_value': None, 'standard_type': 'TIME', 'standard_units': 'hr', 'standard_value': '48.0', 'text_value': None, 'type': 'Time', 'units': 'hrs', 'value': '48.0'}]",CHEMBL4723427,Antiproliferative activity against human UO-31 cells assessed as cell growth inhibition measured after 48 hrs by sulforhodamine B assay,F,,,BAO_0000190,BAO_0000219,cell-based format,CCNC(=O)Nc1ccc(S(=O)(=O)Oc2ccccc2CC)cc1,,,CHEMBL4715855,Bioorg Med Chem,2020.0,,CHEMBL2165736,,CHEMBL2165736,5.22,0,http://www.openphacts.org/units/Nanomolar,3547915,=,1,1,=,,IC50,nM,,6025.6,CHEMBL614388,Homo sapiens,UO-31,9606,,,pIC50,,UO_0000065,,5.22
,22850611,"[{'comments': None, 'relation': '=', 'result_flag': 0, 'standard_relation': '=', 'standard_text_value': None, 'standard_type': 'TIME', 'standard_units': 'hr', 'standard_value': '48.0', 'text_value': None, 'type': 'Time', 'units': 'hrs', 'value': '48.0'}]",CHEMBL4723427,Antiproliferative activity against human UO-31 cells assessed as cell growth inhibition measured after 48 hrs by sulforhodamine B assay,F,,,BAO_0000190,BAO_0000219,cell-based format,Cc1c(-c2ccc(-c3ccccc3F)cc2)nc2ccc(F)cc2c1C(=O)O,,,CHEMBL4715855,Bioorg Med Chem,2020.0,,CHEMBL38434,BREQUINAR,CHEMBL38434,5.94,0,http://www.openphacts.org/units/Nanomolar,3547914,=,1,1,=,,IC50,nM,,1148.15,CHEMBL614388,Homo sapiens,UO-31,9606,,,pIC50,,UO_0000065,,5.94
,23256861,"[{'comments': None, 'relation': '=', 'result_flag': 0, 'standard_relation': '=', 'standard_text_value': None, 'standard_type': 'TIME', 'standard_units': 'hr', 'standard_value': '48.0', 'text_value': None, 'type': 'Time', 'units': 'hrs', 'value': '48.0'}]",CHEMBL4832259,Antiproliferative activity against human UO-31 cells assessed as cell growth inhibition measured after 48 hrs by SRB assay,F,,,BAO_0000190,BAO_0000219,cell-based format,CS(=O)(=O)c1nccc(-c2c(-c3cccc(OCc4ccccc4)c3)nc3sccn23)n1,,,CHEMBL4831500,Eur J Med Chem,2021.0,,CHEMBL4860202,,CHEMBL4860202,5.81,0,http://www.openphacts.org/units/Nanomolar,3618062,=,1,1,=,,IC50,nM,,1550.0,CHEMBL614388,Homo sapiens,UO-31,9606,,,IC50,uM,UO_0000065,,1.55
,23256862,"[{'comments': None, 'relation': '=', 'result_flag': 0, 'standard_relation': '=', 'standard_text_value': None, 'standard_type': 'TIME', 'standard_units': 'hr', 'standard_value': '48.0', 'text_value': None, 'type': 'Time', 'units': 'hrs', 'value': '48.0'}]",CHEMBL4832259,Antiproliferative activity against human UO-31 cells assessed as cell growth inhibition measured after 48 hrs by SRB assay,F,,,BAO_0000190,BAO_0000219,cell-based format,CS(=O)(=O)c1nccc(-c2c(-c3cccc(OCc4ccc(F)cc4)c3)nc3sccn23)n1,,,CHEMBL4831500,Eur J Med Chem,2021.0,,CHEMBL4873517,,CHEMBL4873517,5.78,0,http://www.openphacts.org/units/Nanomolar,3618063,=,1,1,=,,IC50,nM,,1680.0,CHEMBL614388,Homo sapiens,UO-31,9606,,,IC50,uM,UO_0000065,,1.68
,23256863,"[{'comments': None, 'relation': '=', 'result_flag': 0, 'standard_relation': '=', 'standard_text_value': None, 'standard_type': 'TIME', 'standard_units': 'hr', 'standard_value': '48.0', 'text_value': None, 'type': 'Time', 'units': 'hrs', 'value': '48.0'}]",CHEMBL4832259,Antiproliferative activity against human UO-31 cells assessed as cell growth inhibition measured after 48 hrs by SRB assay,F,,,BAO_0000190,BAO_0000219,cell-based format,CNC(=O)c1cc(Oc2ccc(NC(=O)Nc3ccc(Cl)c(C(F)(F)F)c3)cc2)ccn1,,,CHEMBL4831500,Eur J Med Chem,2021.0,,CHEMBL1336,SORAFENIB,CHEMBL1336,5.60,0,http://www.openphacts.org/units/Nanomolar,3618094,=,1,1,=,,IC50,nM,,2510.0,CHEMBL614388,Homo sapiens,UO-31,9606,,,IC50,uM,UO_0000065,,2.51
,23256864,"[{'comments': None, 'relation': '=', 'result_flag': 0, 'standard_relation': '=', 'standard_text_value': None, 'standard_type': 'TIME', 'standard_units': 'hr', 'standard_value': '48.0', 'text_value': None, 'type': 'Time', 'units': 'hrs', 'value': '48.0'}]",CHEMBL4832259,Antiproliferative activity against human UO-31 cells assessed as cell growth inhibition measured after 48 hrs by SRB assay,F,,,BAO_0000190,BAO_0000219,cell-based format,C=CC(=O)N1CCC[C@@H](n2nc(-c3ccc(Oc4ccccc4)cc3)c3c(N)ncnc32)C1,,,CHEMBL4831500,Eur J Med Chem,2021.0,,CHEMBL1873475,IBRUTINIB,CHEMBL1873475,5.90,0,http://www.openphacts.org/units/Nanomolar,3618095,=,1,1,=,,IC50,nM,,1260.0,CHEMBL614388,Homo sapiens,UO-31,9606,,,IC50,uM,UO_0000065,,1.26
